College Name,Country of Citizenship Name,Head Count - Fall
Algonquin College,AFGHANISTAN,N/A
Algonquin College,ALBANIA,N/A
Algonquin College,ALGERIA,N/A
Algonquin College,ANGOLA,N/A
Algonquin College,ANTIGUA AND BARBUDA,N/A
Algonquin College,AUSTRALIA,N/A
Algonquin College,BAHAMAS,N/A
Algonquin College,BANGLADESH,24
Algonquin College,BARBADOS,N/A
Algonquin College,BELARUS,N/A
Algonquin College,BELGIUM,N/A
Algonquin College,BHUTAN,N/A
Algonquin College,BOLIVIA,N/A
Algonquin College,BOSNIA AND HERZEGOVINA,N/A
Algonquin College,BOTSWANA,N/A
Algonquin College,BRAZIL,N/A
Algonquin College,BULGARIA,N/A
Algonquin College,BURKINA FASO,N/A
Algonquin College,BURUNDI,N/A
Algonquin College,CAMBODIA,N/A
Algonquin College,CAMEROON,12
Algonquin College,CANADA,14712
Algonquin College,CAYMAN ISLANDS,N/A
Algonquin College,CHAD,N/A
Algonquin College,CHILE,N/A
Algonquin College,CHINA,89
Algonquin College,COLOMBIA,20
Algonquin College,CONGO,N/A
Algonquin College,"CONGO, DEMOCRATIC REPUBLIC OF THE",18
Algonquin College,COSTA RICA,N/A
Algonquin College,CROATIA,N/A
Algonquin College,CUBA,N/A
Algonquin College,CÔTE D'IVOIRE,N/A
Algonquin College,DENMARK,N/A
Algonquin College,DJIBOUTI,N/A
Algonquin College,DOMINICA,N/A
Algonquin College,DOMINICAN REPUBLIC,N/A
Algonquin College,ECUADOR,N/A
Algonquin College,EGYPT,N/A
Algonquin College,EL SALVADOR,N/A
Algonquin College,ERITREA,N/A
Algonquin College,ETHIOPIA,11
Algonquin College,FRANCE,N/A
Algonquin College,GABON,N/A
Algonquin College,GEORGIA,N/A
Algonquin College,GERMANY,N/A
Algonquin College,GHANA,N/A
Algonquin College,GRENADA,N/A
Algonquin College,GUATEMALA,N/A
Algonquin College,GUINEA,N/A
Algonquin College,GUYANA,N/A
Algonquin College,HAITI,41
Algonquin College,HONDURAS,N/A
Algonquin College,HUNGARY,N/A
Algonquin College,INDIA,34
Algonquin College,IRAN,18
Algonquin College,IRAQ,19
Algonquin College,IRELAND REPUBLIC OF (EIRE),N/A
Algonquin College,ISRAEL,N/A
Algonquin College,ITALY,N/A
Algonquin College,JAMAICA,N/A
Algonquin College,JAPAN,N/A
Algonquin College,JORDAN,13
Algonquin College,KAZAKHSTAN,N/A
Algonquin College,KENYA,N/A
Algonquin College,KOREA SOUTH,13
Algonquin College,KUWAIT,N/A
Algonquin College,LATVIA,N/A
Algonquin College,LEBANON,13
Algonquin College,LIBYA,N/A
Algonquin College,MALAYSIA,N/A
Algonquin College,MALI,N/A
Algonquin College,MALTA,N/A
Algonquin College,MAURITIUS,N/A
Algonquin College,MEXICO,12
Algonquin College,"MOLDOVA, REPUBLIC OF",N/A
Algonquin College,MOROCCO,N/A
Algonquin College,MYANMAR,N/A
Algonquin College,NEPAL,12
Algonquin College,NETHERLANDS,N/A
Algonquin College,NEW ZEALAND,N/A
Algonquin College,NIGER,N/A
Algonquin College,NIGERIA,15
Algonquin College,NOT REPORTED,84
Algonquin College,PAKISTAN,21
Algonquin College,PALESTINIAN TERRITORY OCCUPIED,N/A
Algonquin College,PERU,N/A
Algonquin College,PHILIPPINES,46
Algonquin College,POLAND,N/A
Algonquin College,PORTUGAL,N/A
Algonquin College,ROMANIA,N/A
Algonquin College,RUSSIAN FEDERATION,N/A
Algonquin College,RWANDA,N/A
Algonquin College,SAUDI ARABIA,N/A
Algonquin College,SENEGAL,N/A
Algonquin College,SERBIA,N/A
Algonquin College,SINGAPORE,N/A
Algonquin College,SOMALIA,N/A
Algonquin College,SOUTH AFRICA,N/A
Algonquin College,SPAIN,N/A
Algonquin College,SRI LANKA,17
Algonquin College,ST LUCIA,N/A
Algonquin College,ST VINCENT AND THE GRENADINES,N/A
Algonquin College,SUDAN,N/A
Algonquin College,SWEDEN,N/A
Algonquin College,SWITZERLAND,N/A
Algonquin College,Syria,N/A
Algonquin College,TAIWAN,N/A
Algonquin College,TANZANIA UNITED REPUBLIC OF,N/A
Algonquin College,THAILAND,N/A
Algonquin College,TRINIDAD AND TOBAGO,N/A
Algonquin College,TUNISIA,N/A
Algonquin College,TURKEY,N/A
Algonquin College,TURKMENISTAN,N/A
Algonquin College,UGANDA,N/A
Algonquin College,UKRAINE,N/A
Algonquin College,UNITED ARAB EMIRATES,N/A
Algonquin College,UNITED KINGDOM,28
Algonquin College,UNITED STATES,28
Algonquin College,URUGUAY,N/A
Algonquin College,UZBEKISTAN,N/A
Algonquin College,VENEZUELA,N/A
Algonquin College,VIET NAM,N/A
Algonquin College,YEMEN,N/A
Algonquin College,ZAMBIA,N/A
Algonquin College,ZIMBABWE,N/A
Cambrian College,BANGLADESH,N/A
Cambrian College,BARBADOS,N/A
Cambrian College,BRAZIL,N/A
Cambrian College,CANADA,3039
Cambrian College,CHINA,N/A
Cambrian College,COLOMBIA,N/A
Cambrian College,"CONGO, DEMOCRATIC REPUBLIC OF THE",N/A
Cambrian College,EGYPT,N/A
Cambrian College,ENGLAND,N/A
Cambrian College,ESTONIA,N/A
Cambrian College,ETHIOPIA,N/A
Cambrian College,GHANA,N/A
Cambrian College,GUYANA,N/A
Cambrian College,INDIA,N/A
Cambrian College,IRAQ,N/A
Cambrian College,KOREA SOUTH,N/A
Cambrian College,KYRGYZSTAN,N/A
Cambrian College,MEXICO,N/A
Cambrian College,MOROCCO,N/A
Cambrian College,NEPAL,N/A
Cambrian College,NOT REPORTED,251
Cambrian College,PAKISTAN,N/A
Cambrian College,PHILIPPINES,N/A
Cambrian College,RUSSIAN FEDERATION,N/A
Cambrian College,RWANDA,N/A
Cambrian College,SUDAN,N/A
Cambrian College,SWEDEN,N/A
Cambrian College,TAIWAN,N/A
Cambrian College,UKRAINE,N/A
Cambrian College,UNITED KINGDOM,N/A
Cambrian College,UNITED STATES,N/A
Cambrian College,VIET NAM,N/A
Cambrian College,ZAMBIA,N/A
Cambrian College,ZIMBABWE,N/A
Canadore College,CANADA,2369
Canadore College,NOT REPORTED,29
Canadore College,UNITED STATES,N/A
Centennial College,AFGHANISTAN,23
Centennial College,ALBANIA,N/A
Centennial College,ALGERIA,N/A
Centennial College,ANGOLA,N/A
Centennial College,ANTIGUA AND BARBUDA,N/A
Centennial College,ARGENTINA,N/A
Centennial College,ARMENIA,N/A
Centennial College,AUSTRALIA,N/A
Centennial College,AZERBAIJAN,N/A
Centennial College,BAHAMAS,N/A
Centennial College,BANGLADESH,210
Centennial College,BARBADOS,N/A
Centennial College,BELARUS,N/A
Centennial College,BENIN,N/A
Centennial College,BOLIVIA,N/A
Centennial College,BOTSWANA,N/A
Centennial College,BRAZIL,N/A
Centennial College,BULGARIA,N/A
Centennial College,BURUNDI,N/A
Centennial College,British Indian Ocean Territory,N/A
Centennial College,CAMEROON,N/A
Centennial College,CANADA,6995
Centennial College,CHAD,N/A
Centennial College,CHILE,N/A
Centennial College,CHINA,259
Centennial College,COLOMBIA,24
Centennial College,CONGO,N/A
Centennial College,"CONGO, DEMOCRATIC REPUBLIC OF THE",N/A
Centennial College,COSTA RICA,N/A
Centennial College,CUBA,N/A
Centennial College,CYPRUS,N/A
Centennial College,DOMINICA,N/A
Centennial College,DOMINICAN REPUBLIC,N/A
Centennial College,ECUADOR,N/A
Centennial College,EGYPT,N/A
Centennial College,EL SALVADOR,N/A
Centennial College,ERITREA,10
Centennial College,ETHIOPIA,12
Centennial College,FRANCE,N/A
Centennial College,GEORGIA,N/A
Centennial College,GERMANY,N/A
Centennial College,GHANA,N/A
Centennial College,GRENADA,N/A
Centennial College,GUATEMALA,N/A
Centennial College,GUINEA,N/A
Centennial College,GUYANA,27
Centennial College,HAITI,18
Centennial College,HONDURAS,N/A
Centennial College,HONG KONG,N/A
Centennial College,INDIA,117
Centennial College,INDONESIA,N/A
Centennial College,IRAN,30
Centennial College,IRAQ,N/A
Centennial College,IRELAND REPUBLIC OF (EIRE),N/A
Centennial College,ISRAEL,N/A
Centennial College,JAMAICA,66
Centennial College,JAPAN,N/A
Centennial College,JORDAN,N/A
Centennial College,KAZAKHSTAN,N/A
Centennial College,KENYA,12
Centennial College,KOREA SOUTH,26
Centennial College,LATVIA,N/A
Centennial College,LEBANON,N/A
Centennial College,LIBYA,N/A
Centennial College,MACEDONIA (FYROM),N/A
Centennial College,MALAYSIA,N/A
Centennial College,MAURITIUS,N/A
Centennial College,MEXICO,N/A
Centennial College,MOROCCO,N/A
Centennial College,MYANMAR,N/A
Centennial College,NAMIBIA,N/A
Centennial College,NEPAL,17
Centennial College,NETHERLANDS,N/A
Centennial College,NICARAGUA,N/A
Centennial College,NIGERIA,35
Centennial College,NORWAY,N/A
Centennial College,NOT REPORTED,509
Centennial College,PAKISTAN,56
Centennial College,PALESTINIAN TERRITORY OCCUPIED,N/A
Centennial College,PERU,N/A
Centennial College,PHILIPPINES,187
Centennial College,POLAND,N/A
Centennial College,ROMANIA,N/A
Centennial College,RUSSIAN FEDERATION,N/A
Centennial College,RWANDA,N/A
Centennial College,SAMOA,N/A
Centennial College,SENEGAL,N/A
Centennial College,SERBIA,N/A
Centennial College,SINGAPORE,N/A
Centennial College,SOMALIA,N/A
Centennial College,SOUTH AFRICA,N/A
Centennial College,SRI LANKA,106
Centennial College,ST KITTS AND NEVIS,N/A
Centennial College,ST LUCIA,N/A
Centennial College,ST VINCENT AND THE GRENADINES,10
Centennial College,SUDAN,N/A
Centennial College,SWAZILAND,N/A
Centennial College,Syria,N/A
Centennial College,TAIWAN,N/A
Centennial College,TANZANIA UNITED REPUBLIC OF,N/A
Centennial College,THAILAND,N/A
Centennial College,TOGO,N/A
Centennial College,TRINIDAD AND TOBAGO,17
Centennial College,TUNISIA,N/A
Centennial College,TURKEY,N/A
Centennial College,TURKMENISTAN,N/A
Centennial College,UGANDA,N/A
Centennial College,UKRAINE,N/A
Centennial College,UNITED ARAB EMIRATES,N/A
Centennial College,UNITED KINGDOM,10
Centennial College,UNITED STATES,15
Centennial College,UZBEKISTAN,N/A
Centennial College,VENEZUELA,N/A
Centennial College,VIET NAM,N/A
Centennial College,YEMEN,N/A
Centennial College,ZIMBABWE,N/A
Collège Boréal,ALGERIA,N/A
Collège Boréal,ANGOLA,N/A
Collège Boréal,BENIN,N/A
Collège Boréal,BRAZIL,N/A
Collège Boréal,BURUNDI,11
Collège Boréal,CAMEROON,21
Collège Boréal,CANADA,1242
Collège Boréal,CHAD,N/A
Collège Boréal,CONGO,N/A
Collège Boréal,"CONGO, DEMOCRATIC REPUBLIC OF THE",44
Collège Boréal,CÔTE D'IVOIRE,11
Collège Boréal,DJIBOUTI,N/A
Collège Boréal,FRANCE,N/A
Collège Boréal,GABON,N/A
Collège Boréal,GUINEA,N/A
Collège Boréal,HAITI,44
Collège Boréal,LEBANON,N/A
Collège Boréal,MADAGASCAR,N/A
Collège Boréal,MALI,N/A
Collège Boréal,MAURITIUS,N/A
Collège Boréal,MEXICO,N/A
Collège Boréal,MOROCCO,N/A
Collège Boréal,NIGER,N/A
Collège Boréal,SENEGAL,N/A
Collège Boréal,SOMALIA,N/A
Collège Boréal,SRI LANKA,N/A
Collège Boréal,TOGO,N/A
Collège Boréal,TUNISIA,N/A
Collège Boréal,UNITED KINGDOM,N/A
Conestoga College,AFGHANISTAN,13
Conestoga College,ALBANIA,N/A
Conestoga College,ALGERIA,N/A
Conestoga College,ANGOLA,N/A
Conestoga College,ANTIGUA AND BARBUDA,N/A
Conestoga College,ARMENIA,N/A
Conestoga College,AUSTRALIA,N/A
Conestoga College,BANGLADESH,11
Conestoga College,BARBADOS,N/A
Conestoga College,BOSNIA AND HERZEGOVINA,N/A
Conestoga College,BRAZIL,N/A
Conestoga College,CAMEROON,N/A
Conestoga College,CANADA,8553
Conestoga College,CHILE,N/A
Conestoga College,CHINA,54
Conestoga College,COLOMBIA,53
Conestoga College,CUBA,N/A
Conestoga College,CÔTE D'IVOIRE,N/A
Conestoga College,DOMINICAN REPUBLIC,N/A
Conestoga College,EGYPT,N/A
Conestoga College,EL SALVADOR,N/A
Conestoga College,ERITREA,N/A
Conestoga College,ESTONIA,N/A
Conestoga College,ETHIOPIA,N/A
Conestoga College,FINLAND,N/A
Conestoga College,FRANCE,N/A
Conestoga College,GAMBIA,N/A
Conestoga College,GERMANY,N/A
Conestoga College,GHANA,N/A
Conestoga College,GUATEMALA,N/A
Conestoga College,GUYANA,N/A
Conestoga College,HONG KONG,N/A
Conestoga College,INDIA,31
Conestoga College,INDONESIA,N/A
Conestoga College,IRAN,17
Conestoga College,IRAQ,17
Conestoga College,ISRAEL,N/A
Conestoga College,JAMAICA,N/A
Conestoga College,JORDAN,N/A
Conestoga College,KAZAKHSTAN,N/A
Conestoga College,KENYA,N/A
Conestoga College,KOREA SOUTH,N/A
Conestoga College,LATVIA,N/A
Conestoga College,LEBANON,N/A
Conestoga College,LIBERIA,N/A
Conestoga College,LIBYA,N/A
Conestoga College,MEXICO,11
Conestoga College,"MOLDOVA, REPUBLIC OF",N/A
Conestoga College,MOROCCO,N/A
Conestoga College,MYANMAR,N/A
Conestoga College,NEPAL,N/A
Conestoga College,NETHERLANDS,N/A
Conestoga College,NICARAGUA,N/A
Conestoga College,NIGERIA,N/A
Conestoga College,NOT REPORTED,N/A
Conestoga College,PAKISTAN,28
Conestoga College,PALESTINIAN TERRITORY OCCUPIED,N/A
Conestoga College,PANAMA,N/A
Conestoga College,PERU,N/A
Conestoga College,PHILIPPINES,14
Conestoga College,POLAND,N/A
Conestoga College,ROMANIA,20
Conestoga College,RUSSIAN FEDERATION,N/A
Conestoga College,RWANDA,N/A
Conestoga College,SAUDI ARABIA,N/A
Conestoga College,SERBIA,N/A
Conestoga College,SIERRA LEONE,N/A
Conestoga College,SLOVAKIA,N/A
Conestoga College,SOMALIA,N/A
Conestoga College,SOUTH AFRICA,N/A
Conestoga College,SRI LANKA,N/A
Conestoga College,SUDAN,N/A
Conestoga College,SWEDEN,N/A
Conestoga College,Syria,N/A
Conestoga College,TAIWAN,N/A
Conestoga College,THAILAND,N/A
Conestoga College,TRINIDAD AND TOBAGO,N/A
Conestoga College,TURKEY,N/A
Conestoga College,UKRAINE,N/A
Conestoga College,UNITED KINGDOM,18
Conestoga College,UNITED STATES,13
Conestoga College,VENEZUELA,N/A
Conestoga College,VIET NAM,N/A
Conestoga College,YEMEN,N/A
Conestoga College,ZIMBABWE,N/A
Confederation College,BAHAMAS,N/A
Confederation College,BANGLADESH,N/A
Confederation College,BOTSWANA,N/A
Confederation College,CANADA,2897
Confederation College,CHINA,N/A
Confederation College,COLOMBIA,N/A
Confederation College,ETHIOPIA,N/A
Confederation College,GERMANY,N/A
Confederation College,GRENADA,N/A
Confederation College,GUYANA,N/A
Confederation College,INDIA,N/A
Confederation College,IRAN,N/A
Confederation College,IRAQ,N/A
Confederation College,KOREA SOUTH,N/A
Confederation College,LEBANON,N/A
Confederation College,MEXICO,N/A
Confederation College,MYANMAR,N/A
Confederation College,NEPAL,N/A
Confederation College,NETHERLANDS,N/A
Confederation College,NEW ZEALAND,N/A
Confederation College,NIGERIA,N/A
Confederation College,NOT REPORTED,N/A
Confederation College,PAKISTAN,N/A
Confederation College,PERU,N/A
Confederation College,PHILIPPINES,N/A
Confederation College,ROMANIA,N/A
Confederation College,SENEGAL,N/A
Confederation College,SIERRA LEONE,N/A
Confederation College,ST VINCENT AND THE GRENADINES,N/A
Confederation College,SWEDEN,N/A
Confederation College,TURKEY,N/A
Confederation College,UNITED STATES,N/A
Durham College,AFGHANISTAN,N/A
Durham College,ALGERIA,N/A
Durham College,ARGENTINA,N/A
Durham College,AUSTRALIA,N/A
Durham College,AUSTRIA,N/A
Durham College,BANGLADESH,N/A
Durham College,BARBADOS,N/A
Durham College,BELGIUM,N/A
Durham College,BULGARIA,N/A
Durham College,CAMEROON,N/A
Durham College,CANADA,8975
Durham College,CHILE,N/A
Durham College,CHINA,N/A
Durham College,COLOMBIA,N/A
Durham College,"CONGO, DEMOCRATIC REPUBLIC OF THE",N/A
Durham College,COSTA RICA,N/A
Durham College,CUBA,N/A
Durham College,DENMARK,N/A
Durham College,DOMINICA,N/A
Durham College,DOMINICAN REPUBLIC,N/A
Durham College,EGYPT,N/A
Durham College,ERITREA,N/A
Durham College,ETHIOPIA,N/A
Durham College,GERMANY,N/A
Durham College,GHANA,N/A
Durham College,GRENADA,N/A
Durham College,GUATEMALA,N/A
Durham College,GUYANA,N/A
Durham College,HAITI,N/A
Durham College,HONG KONG,N/A
Durham College,HUNGARY,N/A
Durham College,INDIA,12
Durham College,INDONESIA,N/A
Durham College,IRAN,N/A
Durham College,IRAQ,N/A
Durham College,IRELAND REPUBLIC OF (EIRE),N/A
Durham College,ISRAEL,N/A
Durham College,ITALY,N/A
Durham College,JAMAICA,14
Durham College,JORDAN,N/A
Durham College,KENYA,N/A
Durham College,KOREA SOUTH,N/A
Durham College,KUWAIT,N/A
Durham College,LEBANON,N/A
Durham College,MALAYSIA,N/A
Durham College,MEXICO,N/A
Durham College,NIGERIA,N/A
Durham College,NOT REPORTED,N/A
Durham College,PAKISTAN,N/A
Durham College,PHILIPPINES,19
Durham College,POLAND,N/A
Durham College,PORTUGAL,N/A
Durham College,RUSSIAN FEDERATION,N/A
Durham College,SENEGAL,N/A
Durham College,SOUTH AFRICA,N/A
Durham College,SRI LANKA,N/A
Durham College,ST LUCIA,N/A
Durham College,ST VINCENT AND THE GRENADINES,N/A
Durham College,Syria,N/A
Durham College,TANZANIA UNITED REPUBLIC OF,N/A
Durham College,THAILAND,N/A
Durham College,TRINIDAD AND TOBAGO,N/A
Durham College,UKRAINE,N/A
Durham College,UNITED KINGDOM,19
Durham College,UNITED STATES,14
Durham College,VENEZUELA,N/A
Durham College,VIET NAM,N/A
Fanshawe College,AFGHANISTAN,N/A
Fanshawe College,ALBANIA,N/A
Fanshawe College,ARGENTINA,N/A
Fanshawe College,AUSTRALIA,N/A
Fanshawe College,BAHAMAS,N/A
Fanshawe College,BANGLADESH,N/A
Fanshawe College,BELARUS,N/A
Fanshawe College,BOTSWANA,N/A
Fanshawe College,BRAZIL,N/A
Fanshawe College,BURUNDI,N/A
Fanshawe College,CANADA,11917
Fanshawe College,CHINA,49
Fanshawe College,COLOMBIA,69
Fanshawe College,"CONGO, DEMOCRATIC REPUBLIC OF THE",N/A
Fanshawe College,CUBA,N/A
Fanshawe College,DOMINICAN REPUBLIC,N/A
Fanshawe College,EGYPT,N/A
Fanshawe College,EL SALVADOR,N/A
Fanshawe College,ESTONIA,N/A
Fanshawe College,ETHIOPIA,N/A
Fanshawe College,FIJI,N/A
Fanshawe College,FINLAND,N/A
Fanshawe College,GERMANY,N/A
Fanshawe College,GHANA,N/A
Fanshawe College,GRENADA,N/A
Fanshawe College,GUATEMALA,N/A
Fanshawe College,GUINEA,N/A
Fanshawe College,GUYANA,N/A
Fanshawe College,HAITI,N/A
Fanshawe College,HONG KONG,N/A
Fanshawe College,HUNGARY,N/A
Fanshawe College,INDIA,11
Fanshawe College,INDONESIA,N/A
Fanshawe College,IRAN,11
Fanshawe College,IRAQ,15
Fanshawe College,IRELAND REPUBLIC OF (EIRE),N/A
Fanshawe College,ISRAEL,N/A
Fanshawe College,JAMAICA,N/A
Fanshawe College,JAPAN,N/A
Fanshawe College,JORDAN,N/A
Fanshawe College,KAZAKHSTAN,N/A
Fanshawe College,KENYA,N/A
Fanshawe College,KOREA SOUTH,21
Fanshawe College,LEBANON,N/A
Fanshawe College,LIBERIA,N/A
Fanshawe College,LIBYA,N/A
Fanshawe College,MACEDONIA (FYROM),N/A
Fanshawe College,MALAYSIA,N/A
Fanshawe College,MAURITIUS,N/A
Fanshawe College,MEXICO,N/A
Fanshawe College,MYANMAR,N/A
Fanshawe College,NEPAL,N/A
Fanshawe College,NETHERLANDS,10
Fanshawe College,NEW ZEALAND,N/A
Fanshawe College,NICARAGUA,N/A
Fanshawe College,NIGERIA,N/A
Fanshawe College,NOT REPORTED,14
Fanshawe College,PAKISTAN,N/A
Fanshawe College,PALESTINIAN TERRITORY OCCUPIED,12
Fanshawe College,PERU,N/A
Fanshawe College,PHILIPPINES,14
Fanshawe College,POLAND,N/A
Fanshawe College,ROMANIA,N/A
Fanshawe College,RUSSIAN FEDERATION,N/A
Fanshawe College,RWANDA,N/A
Fanshawe College,SAUDI ARABIA,N/A
Fanshawe College,SERBIA,N/A
Fanshawe College,SOMALIA,N/A
Fanshawe College,SOUTH AFRICA,N/A
Fanshawe College,SRI LANKA,N/A
Fanshawe College,ST LUCIA,N/A
Fanshawe College,ST VINCENT AND THE GRENADINES,N/A
Fanshawe College,SUDAN,N/A
Fanshawe College,SWAZILAND,N/A
Fanshawe College,SWITZERLAND,N/A
Fanshawe College,Syria,N/A
Fanshawe College,TANZANIA UNITED REPUBLIC OF,N/A
Fanshawe College,THAILAND,N/A
Fanshawe College,TRINIDAD AND TOBAGO,N/A
Fanshawe College,UGANDA,N/A
Fanshawe College,UKRAINE,N/A
Fanshawe College,UNITED KINGDOM,20
Fanshawe College,UNITED STATES,13
Fanshawe College,VENEZUELA,N/A
Fanshawe College,YEMEN,N/A
Fanshawe College,ZIMBABWE,N/A
George Brown College,AFGHANISTAN,21
George Brown College,ALBANIA,N/A
George Brown College,ALGERIA,N/A
George Brown College,ANGOLA,N/A
George Brown College,ANTIGUA AND BARBUDA,N/A
George Brown College,ARGENTINA,N/A
George Brown College,ARMENIA,N/A
George Brown College,AUSTRALIA,N/A
George Brown College,AZERBAIJAN,N/A
George Brown College,BAHRAIN,N/A
George Brown College,BANGLADESH,49
George Brown College,BARBADOS,N/A
George Brown College,BELARUS,N/A
George Brown College,BELGIUM,N/A
George Brown College,BHUTAN,N/A
George Brown College,BOTSWANA,10
George Brown College,BRAZIL,17
George Brown College,BULGARIA,N/A
George Brown College,BURUNDI,N/A
George Brown College,CAMBODIA,N/A
George Brown College,CAMEROON,N/A
George Brown College,CANADA,13625
George Brown College,CAYMAN ISLANDS,N/A
George Brown College,CHILE,N/A
George Brown College,CHINA,156
George Brown College,COLOMBIA,37
George Brown College,"CONGO, DEMOCRATIC REPUBLIC OF THE",N/A
George Brown College,COSTA RICA,N/A
George Brown College,CUBA,N/A
George Brown College,DENMARK,N/A
George Brown College,DOMINICA,N/A
George Brown College,DOMINICAN REPUBLIC,N/A
George Brown College,ECUADOR,10
George Brown College,EGYPT,N/A
George Brown College,EL SALVADOR,N/A
George Brown College,ERITREA,14
George Brown College,ESTONIA,N/A
George Brown College,ETHIOPIA,12
George Brown College,FIJI,N/A
George Brown College,FRANCE,N/A
George Brown College,GAMBIA,N/A
George Brown College,GEORGIA,N/A
George Brown College,GERMANY,N/A
George Brown College,GHANA,10
George Brown College,GRENADA,N/A
George Brown College,GUATEMALA,N/A
George Brown College,GUINEA-BISSAU,N/A
George Brown College,GUYANA,11
George Brown College,HAITI,11
George Brown College,HONDURAS,N/A
George Brown College,HONG KONG,N/A
George Brown College,HUNGARY,N/A
George Brown College,INDIA,91
George Brown College,INDONESIA,N/A
George Brown College,IRAN,84
George Brown College,IRAQ,18
George Brown College,IRELAND REPUBLIC OF (EIRE),N/A
George Brown College,ISRAEL,10
George Brown College,ITALY,N/A
George Brown College,JAMAICA,47
George Brown College,JAPAN,10
George Brown College,JORDAN,N/A
George Brown College,KAZAKHSTAN,N/A
George Brown College,KENYA,14
George Brown College,KOREA NORTH,N/A
George Brown College,KOREA SOUTH,78
George Brown College,KYRGYZSTAN,N/A
George Brown College,LATVIA,N/A
George Brown College,LEBANON,N/A
George Brown College,LIBYA,N/A
George Brown College,LITHUANIA,N/A
George Brown College,MACEDONIA (FYROM),N/A
George Brown College,MALAYSIA,N/A
George Brown College,MAURITIUS,N/A
George Brown College,MEXICO,28
George Brown College,"MOLDOVA, REPUBLIC OF",N/A
George Brown College,MONGOLIA,N/A
George Brown College,MOROCCO,N/A
George Brown College,MYANMAR,N/A
George Brown College,NAMIBIA,N/A
George Brown College,NEPAL,21
George Brown College,NETHERLANDS,N/A
George Brown College,NEW ZEALAND,N/A
George Brown College,NIGERIA,29
George Brown College,NOT REPORTED,405
George Brown College,OMAN,N/A
George Brown College,PAKISTAN,39
George Brown College,PALESTINIAN TERRITORY OCCUPIED,N/A
George Brown College,PARAGUAY,N/A
George Brown College,PERU,11
George Brown College,PHILIPPINES,217
George Brown College,POLAND,N/A
George Brown College,PORTUGAL,11
George Brown College,ROMANIA,N/A
George Brown College,RUSSIAN FEDERATION,14
George Brown College,RWANDA,N/A
George Brown College,SAUDI ARABIA,N/A
George Brown College,SENEGAL,N/A
George Brown College,SERBIA,N/A
George Brown College,SIERRA LEONE,N/A
George Brown College,SINGAPORE,N/A
George Brown College,SLOVAKIA,N/A
George Brown College,SOMALIA,N/A
George Brown College,SOUTH AFRICA,N/A
George Brown College,SPAIN,N/A
George Brown College,SRI LANKA,30
George Brown College,ST LUCIA,18
George Brown College,ST VINCENT AND THE GRENADINES,17
George Brown College,SUDAN,N/A
George Brown College,SURINAME,N/A
George Brown College,SWAZILAND,N/A
George Brown College,SWEDEN,N/A
George Brown College,SWITZERLAND,N/A
George Brown College,Syria,N/A
George Brown College,TAIWAN,15
George Brown College,TANZANIA UNITED REPUBLIC OF,N/A
George Brown College,THAILAND,N/A
George Brown College,TRINIDAD AND TOBAGO,N/A
George Brown College,TURKEY,10
George Brown College,UGANDA,N/A
George Brown College,UKRAINE,24
George Brown College,UNITED KINGDOM,13
George Brown College,UNITED STATES,25
George Brown College,URUGUAY,N/A
George Brown College,UZBEKISTAN,N/A
George Brown College,VENEZUELA,N/A
George Brown College,VIET NAM,17
George Brown College,YEMEN,N/A
George Brown College,ZAMBIA,N/A
George Brown College,ZIMBABWE,15
Georgian College,ARGENTINA,N/A
Georgian College,AUSTRALIA,N/A
Georgian College,BANGLADESH,N/A
Georgian College,BELARUS,N/A
Georgian College,BULGARIA,N/A
Georgian College,CAMBODIA,N/A
Georgian College,CAMEROON,N/A
Georgian College,CANADA,8292
Georgian College,CHINA,N/A
Georgian College,COLOMBIA,N/A
Georgian College,"CONGO, DEMOCRATIC REPUBLIC OF THE",N/A
Georgian College,CZECH REPUBLIC,N/A
Georgian College,DENMARK,N/A
Georgian College,DOMINICAN REPUBLIC,N/A
Georgian College,ECUADOR,N/A
Georgian College,EGYPT,N/A
Georgian College,ERITREA,N/A
Georgian College,ESTONIA,N/A
Georgian College,ETHIOPIA,N/A
Georgian College,FRANCE,N/A
Georgian College,GERMANY,N/A
Georgian College,GHANA,N/A
Georgian College,GRENADA,N/A
Georgian College,HAITI,N/A
Georgian College,HUNGARY,N/A
Georgian College,INDIA,16
Georgian College,IRAN,N/A
Georgian College,IRAQ,N/A
Georgian College,IRELAND REPUBLIC OF (EIRE),N/A
Georgian College,JAMAICA,N/A
Georgian College,KENYA,N/A
Georgian College,KOREA SOUTH,N/A
Georgian College,LAOS,N/A
Georgian College,MALAYSIA,N/A
Georgian College,MEXICO,N/A
Georgian College,NEPAL,N/A
Georgian College,NETHERLANDS,N/A
Georgian College,NETHERLANDS ANTILLES,N/A
Georgian College,NEW ZEALAND,N/A
Georgian College,NIGERIA,N/A
Georgian College,NOT REPORTED,12
Georgian College,PAKISTAN,N/A
Georgian College,PALESTINIAN TERRITORY OCCUPIED,N/A
Georgian College,PERU,N/A
Georgian College,PHILIPPINES,15
Georgian College,POLAND,N/A
Georgian College,ROMANIA,N/A
Georgian College,RUSSIAN FEDERATION,N/A
Georgian College,SLOVAKIA,N/A
Georgian College,SOUTH AFRICA,N/A
Georgian College,SRI LANKA,N/A
Georgian College,ST VINCENT AND THE GRENADINES,N/A
Georgian College,TANZANIA UNITED REPUBLIC OF,N/A
Georgian College,TRINIDAD AND TOBAGO,N/A
Georgian College,TURKEY,N/A
Georgian College,UGANDA,N/A
Georgian College,UNITED KINGDOM,23
Georgian College,UNITED STATES,N/A
Georgian College,VENEZUELA,N/A
Georgian College,VIET NAM,N/A
Georgian College,VIRGIN ISLANDS BRITISH,N/A
Georgian College,ZAMBIA,N/A
Georgian College,ZIMBABWE,N/A
Humber College,AFGHANISTAN,30
Humber College,ALBANIA,N/A
Humber College,ANGOLA,N/A
Humber College,ANTIGUA AND BARBUDA,N/A
Humber College,ARGENTINA,N/A
Humber College,ARMENIA,N/A
Humber College,AUSTRALIA,N/A
Humber College,AUSTRIA,N/A
Humber College,AZERBAIJAN,N/A
Humber College,BANGLADESH,41
Humber College,BARBADOS,N/A
Humber College,BELARUS,N/A
Humber College,BELGIUM,N/A
Humber College,BENIN,N/A
Humber College,BERMUDA,N/A
Humber College,BOLIVIA,N/A
Humber College,BOTSWANA,N/A
Humber College,BRAZIL,11
Humber College,BULGARIA,N/A
Humber College,BURUNDI,N/A
Humber College,CAMBODIA,N/A
Humber College,CAMEROON,N/A
Humber College,CANADA,17979
Humber College,CHAD,N/A
Humber College,CHILE,N/A
Humber College,CHINA,99
Humber College,COLOMBIA,46
Humber College,COSTA RICA,N/A
Humber College,CROATIA,N/A
Humber College,CUBA,N/A
Humber College,CZECH REPUBLIC,N/A
Humber College,CÔTE D'IVOIRE,N/A
Humber College,DOMINICA,N/A
Humber College,DOMINICAN REPUBLIC,N/A
Humber College,ECUADOR,N/A
Humber College,EGYPT,16
Humber College,EL SALVADOR,N/A
Humber College,ENGLAND,N/A
Humber College,ERITREA,N/A
Humber College,ETHIOPIA,N/A
Humber College,FINLAND,N/A
Humber College,FRANCE,N/A
Humber College,GEORGIA,N/A
Humber College,GERMANY,N/A
Humber College,GHANA,19
Humber College,GREECE,N/A
Humber College,GRENADA,N/A
Humber College,GUATEMALA,N/A
Humber College,GUINEA,N/A
Humber College,GUYANA,29
Humber College,HAITI,N/A
Humber College,HONDURAS,N/A
Humber College,HONG KONG,N/A
Humber College,HUNGARY,N/A
Humber College,INDIA,272
Humber College,INDONESIA,N/A
Humber College,IRAN,31
Humber College,IRAQ,52
Humber College,ISRAEL,N/A
Humber College,ITALY,N/A
Humber College,JAMAICA,107
Humber College,JAPAN,N/A
Humber College,JORDAN,11
Humber College,KAZAKHSTAN,N/A
Humber College,KENYA,N/A
Humber College,KOREA SOUTH,34
Humber College,KUWAIT,N/A
Humber College,KYRGYZSTAN,N/A
Humber College,LATVIA,N/A
Humber College,LEBANON,N/A
Humber College,LIBERIA,N/A
Humber College,LIBYA,N/A
Humber College,LITHUANIA,N/A
Humber College,MACEDONIA (FYROM),N/A
Humber College,MALAYSIA,N/A
Humber College,MAURITIUS,N/A
Humber College,MEXICO,20
Humber College,"MOLDOVA, REPUBLIC OF",N/A
Humber College,MONTENEGRO,N/A
Humber College,MOROCCO,N/A
Humber College,MYANMAR,N/A
Humber College,NEPAL,21
Humber College,NETHERLANDS,N/A
Humber College,NEW ZEALAND,N/A
Humber College,NICARAGUA,N/A
Humber College,NIGERIA,89
Humber College,NORWAY,N/A
Humber College,NOT REPORTED,55
Humber College,PAKISTAN,84
Humber College,PANAMA,N/A
Humber College,PARAGUAY,N/A
Humber College,PERU,N/A
Humber College,PHILIPPINES,158
Humber College,POLAND,14
Humber College,PORTUGAL,N/A
Humber College,ROMANIA,N/A
Humber College,RUSSIAN FEDERATION,19
Humber College,RWANDA,N/A
Humber College,SAUDI ARABIA,N/A
Humber College,SENEGAL,N/A
Humber College,SERBIA,N/A
Humber College,SIERRA LEONE,N/A
Humber College,SINGAPORE,N/A
Humber College,SLOVAKIA,N/A
Humber College,SOMALIA,10
Humber College,SOUTH AFRICA,N/A
Humber College,SPAIN,N/A
Humber College,SRI LANKA,61
Humber College,ST LUCIA,18
Humber College,SUDAN,N/A
Humber College,SURINAME,N/A
Humber College,SWAZILAND,N/A
Humber College,SWITZERLAND,N/A
Humber College,Syria,N/A
Humber College,TAIWAN,N/A
Humber College,TANZANIA UNITED REPUBLIC OF,N/A
Humber College,TRINIDAD AND TOBAGO,17
Humber College,TUNISIA,N/A
Humber College,TURKEY,19
Humber College,UGANDA,N/A
Humber College,UKRAINE,38
Humber College,UNITED KINGDOM,18
Humber College,UNITED STATES,33
Humber College,URUGUAY,N/A
Humber College,UZBEKISTAN,N/A
Humber College,VENEZUELA,13
Humber College,VIET NAM,17
Humber College,YEMEN,N/A
Humber College,ZAMBIA,N/A
Humber College,ZIMBABWE,N/A
La Cité Collégiale,CANADA,4181
La Cité Collégiale,FRANCE,N/A
Lambton College,CANADA,209
Lambton College,NOT REPORTED,2406
Lambton College,UNITED KINGDOM,N/A
Loyalist College,CANADA,2432
Loyalist College,COLOMBIA,N/A
Loyalist College,EGYPT,N/A
Loyalist College,GHANA,N/A
Loyalist College,GUYANA,N/A
Loyalist College,HAITI,N/A
Loyalist College,HONG KONG,N/A
Loyalist College,INDIA,N/A
Loyalist College,INDONESIA,N/A
Loyalist College,ITALY,N/A
Loyalist College,JAMAICA,N/A
Loyalist College,JORDAN,N/A
Loyalist College,LEBANON,N/A
Loyalist College,NETHERLANDS,N/A
Loyalist College,NIGERIA,N/A
Loyalist College,NOT REPORTED,16
Loyalist College,PAKISTAN,N/A
Loyalist College,ST VINCENT AND THE GRENADINES,N/A
Loyalist College,SUDAN,N/A
Loyalist College,THAILAND,N/A
Loyalist College,UKRAINE,N/A
Loyalist College,UNITED KINGDOM,N/A
Loyalist College,UNITED STATES,N/A
Mohawk College,AFGHANISTAN,N/A
Mohawk College,ALBANIA,N/A
Mohawk College,ARGENTINA,N/A
Mohawk College,BANGLADESH,10
Mohawk College,BARBADOS,N/A
Mohawk College,BOLIVIA,N/A
Mohawk College,BOSNIA AND HERZEGOVINA,N/A
Mohawk College,BOTSWANA,N/A
Mohawk College,BRAZIL,N/A
Mohawk College,BURUNDI,N/A
Mohawk College,CAMEROON,N/A
Mohawk College,CANADA,9917
Mohawk College,CHAD,N/A
Mohawk College,CHINA,44
Mohawk College,COLOMBIA,52
Mohawk College,"CONGO, DEMOCRATIC REPUBLIC OF THE",14
Mohawk College,CROATIA,N/A
Mohawk College,CUBA,N/A
Mohawk College,CZECH REPUBLIC,N/A
Mohawk College,DOMINICAN REPUBLIC,N/A
Mohawk College,EGYPT,N/A
Mohawk College,EL SALVADOR,N/A
Mohawk College,ERITREA,N/A
Mohawk College,ETHIOPIA,N/A
Mohawk College,FINLAND,N/A
Mohawk College,GERMANY,N/A
Mohawk College,GHANA,N/A
Mohawk College,GREECE,N/A
Mohawk College,GUATEMALA,N/A
Mohawk College,GUYANA,N/A
Mohawk College,HAITI,10
Mohawk College,HUNGARY,N/A
Mohawk College,INDIA,34
Mohawk College,IRAN,N/A
Mohawk College,IRAQ,45
Mohawk College,ISRAEL,N/A
Mohawk College,ITALY,N/A
Mohawk College,JAMAICA,14
Mohawk College,JAPAN,N/A
Mohawk College,JORDAN,N/A
Mohawk College,KAZAKHSTAN,N/A
Mohawk College,KENYA,N/A
Mohawk College,KOREA SOUTH,N/A
Mohawk College,LEBANON,N/A
Mohawk College,LIBERIA,N/A
Mohawk College,LIBYA,N/A
Mohawk College,MACAU,N/A
Mohawk College,MALAYSIA,N/A
Mohawk College,MALI,N/A
Mohawk College,MEXICO,13
Mohawk College,MONTENEGRO,N/A
Mohawk College,MOROCCO,N/A
Mohawk College,NEPAL,N/A
Mohawk College,NETHERLANDS,N/A
Mohawk College,NEW ZEALAND,N/A
Mohawk College,NIGERIA,10
Mohawk College,NOT REPORTED,N/A
Mohawk College,PAKISTAN,28
Mohawk College,PALESTINIAN TERRITORY OCCUPIED,N/A
Mohawk College,PHILIPPINES,48
Mohawk College,POLAND,N/A
Mohawk College,PORTUGAL,N/A
Mohawk College,ROMANIA,N/A
Mohawk College,RUSSIAN FEDERATION,N/A
Mohawk College,RWANDA,N/A
Mohawk College,SAUDI ARABIA,N/A
Mohawk College,SERBIA,N/A
Mohawk College,SERBIA AND MONTENEGRO,N/A
Mohawk College,SOMALIA,N/A
Mohawk College,SOUTH AFRICA,N/A
Mohawk College,SRI LANKA,N/A
Mohawk College,ST LUCIA,N/A
Mohawk College,ST VINCENT AND THE GRENADINES,N/A
Mohawk College,SUDAN,N/A
Mohawk College,Syria,N/A
Mohawk College,TAIWAN,N/A
Mohawk College,THAILAND,N/A
Mohawk College,TRINIDAD AND TOBAGO,N/A
Mohawk College,TUNISIA,N/A
Mohawk College,TURKEY,N/A
Mohawk College,TURKMENISTAN,N/A
Mohawk College,UGANDA,N/A
Mohawk College,UKRAINE,N/A
Mohawk College,UNITED KINGDOM,12
Mohawk College,UNITED STATES,14
Mohawk College,VENEZUELA,N/A
Mohawk College,VIET NAM,N/A
Mohawk College,ZIMBABWE,12
Niagara College,AFGHANISTAN,N/A
Niagara College,AUSTRALIA,N/A
Niagara College,BARBADOS,N/A
Niagara College,BELARUS,N/A
Niagara College,BENIN,N/A
Niagara College,BRAZIL,N/A
Niagara College,BURUNDI,N/A
Niagara College,CAMEROON,N/A
Niagara College,CANADA,7199
Niagara College,CHILE,N/A
Niagara College,CHINA,12
Niagara College,COLOMBIA,23
Niagara College,"CONGO, DEMOCRATIC REPUBLIC OF THE",N/A
Niagara College,CROATIA,N/A
Niagara College,DOMINICAN REPUBLIC,N/A
Niagara College,ECUADOR,N/A
Niagara College,EGYPT,N/A
Niagara College,EL SALVADOR,N/A
Niagara College,ERITREA,N/A
Niagara College,ETHIOPIA,N/A
Niagara College,GERMANY,N/A
Niagara College,GHANA,N/A
Niagara College,GUATEMALA,N/A
Niagara College,HAITI,13
Niagara College,HUNGARY,N/A
Niagara College,INDIA,N/A
Niagara College,IRAQ,N/A
Niagara College,ISRAEL,N/A
Niagara College,ITALY,N/A
Niagara College,JAMAICA,N/A
Niagara College,JAPAN,N/A
Niagara College,JORDAN,N/A
Niagara College,KENYA,N/A
Niagara College,KOREA SOUTH,N/A
Niagara College,LATVIA,N/A
Niagara College,LEBANON,N/A
Niagara College,LIBERIA,N/A
Niagara College,MEXICO,N/A
Niagara College,NEPAL,N/A
Niagara College,NETHERLANDS,N/A
Niagara College,NIGERIA,N/A
Niagara College,NOT REPORTED,56
Niagara College,PAKISTAN,N/A
Niagara College,PERU,N/A
Niagara College,PHILIPPINES,11
Niagara College,POLAND,N/A
Niagara College,RUSSIAN FEDERATION,N/A
Niagara College,RWANDA,N/A
Niagara College,SERBIA,N/A
Niagara College,SRI LANKA,N/A
Niagara College,ST LUCIA,N/A
Niagara College,ST VINCENT AND THE GRENADINES,N/A
Niagara College,SUDAN,N/A
Niagara College,SWAZILAND,N/A
Niagara College,TANZANIA UNITED REPUBLIC OF,N/A
Niagara College,TRINIDAD AND TOBAGO,N/A
Niagara College,TURKEY,N/A
Niagara College,UGANDA,N/A
Niagara College,UKRAINE,N/A
Niagara College,UNITED ARAB EMIRATES,N/A
Niagara College,UNITED KINGDOM,N/A
Niagara College,UNITED STATES,10
Niagara College,VENEZUELA,N/A
Niagara College,VIET NAM,N/A
Niagara College,ZIMBABWE,N/A
Northern College,BANGLADESH,N/A
Northern College,CANADA,1018
Northern College,CHILE,N/A
Northern College,CHINA,N/A
Northern College,GHANA,N/A
Northern College,GUYANA,N/A
Northern College,IRAQ,N/A
Northern College,NOT REPORTED,N/A
Northern College,UGANDA,N/A
Northern College,UNITED KINGDOM,N/A
Sault College,CANADA,2123
Sault College,NOT REPORTED,N/A
Sault College,UNITED STATES,N/A
Seneca College,AFGHANISTAN,51
Seneca College,ALBANIA,10
Seneca College,ALGERIA,N/A
Seneca College,ANGOLA,N/A
Seneca College,ANTIGUA AND BARBUDA,N/A
Seneca College,ARGENTINA,N/A
Seneca College,ARMENIA,N/A
Seneca College,AUSTRALIA,N/A
Seneca College,AUSTRIA,N/A
Seneca College,AZERBAIJAN,N/A
Seneca College,BAHAMAS,N/A
Seneca College,BAHRAIN,N/A
Seneca College,BANGLADESH,69
Seneca College,BARBADOS,N/A
Seneca College,BELARUS,11
Seneca College,BENIN,N/A
Seneca College,BERMUDA,N/A
Seneca College,BOLIVIA,N/A
Seneca College,BOSNIA AND HERZEGOVINA,N/A
Seneca College,BOTSWANA,N/A
Seneca College,BRAZIL,13
Seneca College,BULGARIA,N/A
Seneca College,BURUNDI,N/A
Seneca College,CAMBODIA,N/A
Seneca College,CAMEROON,N/A
Seneca College,CANADA,13786
Seneca College,CHILE,N/A
Seneca College,CHINA,573
Seneca College,COLOMBIA,53
Seneca College,"CONGO, DEMOCRATIC REPUBLIC OF THE",N/A
Seneca College,COSTA RICA,N/A
Seneca College,CROATIA,N/A
Seneca College,CUBA,N/A
Seneca College,CZECH REPUBLIC,N/A
Seneca College,CÔTE D'IVOIRE,N/A
Seneca College,DJIBOUTI,N/A
Seneca College,DOMINICA,N/A
Seneca College,DOMINICAN REPUBLIC,N/A
Seneca College,ECUADOR,11
Seneca College,EGYPT,18
Seneca College,EL SALVADOR,10
Seneca College,ENGLAND,N/A
Seneca College,ERITREA,11
Seneca College,ESTONIA,N/A
Seneca College,ETHIOPIA,12
Seneca College,FRANCE,N/A
Seneca College,GAMBIA,N/A
Seneca College,GEORGIA,N/A
Seneca College,GERMANY,N/A
Seneca College,GHANA,24
Seneca College,GREECE,N/A
Seneca College,GRENADA,N/A
Seneca College,GUATEMALA,N/A
Seneca College,GUINEA,N/A
Seneca College,GUYANA,24
Seneca College,HAITI,10
Seneca College,HONDURAS,N/A
Seneca College,HONG KONG,17
Seneca College,HUNGARY,N/A
Seneca College,INDIA,171
Seneca College,INDONESIA,N/A
Seneca College,IRAN,152
Seneca College,IRAQ,56
Seneca College,IRELAND REPUBLIC OF (EIRE),N/A
Seneca College,ISRAEL,33
Seneca College,JAMAICA,72
Seneca College,JAPAN,N/A
Seneca College,JORDAN,N/A
Seneca College,KAZAKHSTAN,N/A
Seneca College,KENYA,10
Seneca College,KOREA NORTH,N/A
Seneca College,KOREA SOUTH,95
Seneca College,KYRGYZSTAN,N/A
Seneca College,LATVIA,N/A
Seneca College,LEBANON,N/A
Seneca College,LIBERIA,N/A
Seneca College,LIBYA,N/A
Seneca College,LITHUANIA,N/A
Seneca College,MACEDONIA (FYROM),N/A
Seneca College,MALAYSIA,N/A
Seneca College,MAURITIUS,N/A
Seneca College,MEXICO,17
Seneca College,"MOLDOVA, REPUBLIC OF",17
Seneca College,MONGOLIA,N/A
Seneca College,MOROCCO,N/A
Seneca College,MYANMAR,N/A
Seneca College,NEPAL,16
Seneca College,NETHERLANDS,N/A
Seneca College,NEW ZEALAND,N/A
Seneca College,NICARAGUA,N/A
Seneca College,NIGERIA,54
Seneca College,NORWAY,N/A
Seneca College,NOT APPLICABLE,N/A
Seneca College,NOT REPORTED,428
Seneca College,PAKISTAN,99
Seneca College,PALESTINIAN TERRITORY OCCUPIED,N/A
Seneca College,PANAMA,N/A
Seneca College,PERU,N/A
Seneca College,PHILIPPINES,263
Seneca College,POLAND,N/A
Seneca College,PORTUGAL,N/A
Seneca College,ROMANIA,10
Seneca College,RUSSIAN FEDERATION,43
Seneca College,RWANDA,N/A
Seneca College,SAUDI ARABIA,N/A
Seneca College,SERBIA,N/A
Seneca College,SERBIA AND MONTENEGRO,N/A
Seneca College,SIERRA LEONE,N/A
Seneca College,SINGAPORE,N/A
Seneca College,SOMALIA,N/A
Seneca College,SOUTH AFRICA,N/A
Seneca College,SPAIN,N/A
Seneca College,SRI LANKA,107
Seneca College,ST KITTS AND NEVIS,N/A
Seneca College,ST LUCIA,18
Seneca College,ST VINCENT AND THE GRENADINES,11
Seneca College,SUDAN,N/A
Seneca College,SWAZILAND,N/A
Seneca College,SWEDEN,N/A
Seneca College,Syria,N/A
Seneca College,TAIWAN,13
Seneca College,TANZANIA UNITED REPUBLIC OF,N/A
Seneca College,THAILAND,N/A
Seneca College,TRINIDAD AND TOBAGO,14
Seneca College,TUNISIA,N/A
Seneca College,TURKEY,17
Seneca College,TURKMENISTAN,N/A
Seneca College,UGANDA,N/A
Seneca College,UKRAINE,30
Seneca College,UNITED ARAB EMIRATES,N/A
Seneca College,UNITED KINGDOM,14
Seneca College,UNITED STATES,37
Seneca College,URUGUAY,N/A
Seneca College,UZBEKISTAN,N/A
Seneca College,VENEZUELA,N/A
Seneca College,VIET NAM,14
Seneca College,VIRGIN ISLANDS U.S.,N/A
Seneca College,YEMEN,N/A
Seneca College,ZAMBIA,N/A
Seneca College,ZIMBABWE,N/A
Sheridan College,AFGHANISTAN,14
Sheridan College,ALBANIA,N/A
Sheridan College,AMERICAN SAMOA,N/A
Sheridan College,ANTIGUA AND BARBUDA,N/A
Sheridan College,ARGENTINA,N/A
Sheridan College,AUSTRALIA,N/A
Sheridan College,BAHRAIN,N/A
Sheridan College,BANGLADESH,12
Sheridan College,BARBADOS,N/A
Sheridan College,BELARUS,N/A
Sheridan College,BERMUDA,N/A
Sheridan College,BRAZIL,N/A
Sheridan College,BULGARIA,N/A
Sheridan College,CAMEROON,N/A
Sheridan College,CANADA,12635
Sheridan College,CHILE,N/A
Sheridan College,CHINA,81
Sheridan College,COLOMBIA,33
Sheridan College,"CONGO, DEMOCRATIC REPUBLIC OF THE",N/A
Sheridan College,COSTA RICA,N/A
Sheridan College,CROATIA,N/A
Sheridan College,CUBA,N/A
Sheridan College,CZECH REPUBLIC,N/A
Sheridan College,CÔTE D'IVOIRE,N/A
Sheridan College,DOMINICA,N/A
Sheridan College,DOMINICAN REPUBLIC,N/A
Sheridan College,ECUADOR,N/A
Sheridan College,EGYPT,23
Sheridan College,EL SALVADOR,N/A
Sheridan College,ERITREA,N/A
Sheridan College,ESTONIA,N/A
Sheridan College,ETHIOPIA,N/A
Sheridan College,FRANCE,N/A
Sheridan College,GERMANY,N/A
Sheridan College,GHANA,N/A
Sheridan College,GRENADA,N/A
Sheridan College,GUATEMALA,N/A
Sheridan College,GUINEA,N/A
Sheridan College,GUYANA,11
Sheridan College,HAITI,N/A
Sheridan College,HONG KONG,N/A
Sheridan College,HUNGARY,N/A
Sheridan College,INDIA,221
Sheridan College,INDONESIA,N/A
Sheridan College,IRAN,10
Sheridan College,IRAQ,39
Sheridan College,IRELAND REPUBLIC OF (EIRE),N/A
Sheridan College,ISRAEL,N/A
Sheridan College,ITALY,N/A
Sheridan College,JAMAICA,36
Sheridan College,JAPAN,N/A
Sheridan College,JORDAN,20
Sheridan College,KENYA,N/A
Sheridan College,KOREA SOUTH,44
Sheridan College,KUWAIT,N/A
Sheridan College,LEBANON,N/A
Sheridan College,LIBERIA,N/A
Sheridan College,MACEDONIA (FYROM),N/A
Sheridan College,MALAYSIA,N/A
Sheridan College,MAURITIUS,N/A
Sheridan College,MEXICO,11
Sheridan College,MONGOLIA,N/A
Sheridan College,MOROCCO,N/A
Sheridan College,NEPAL,11
Sheridan College,NETHERLANDS,N/A
Sheridan College,NEW ZEALAND,N/A
Sheridan College,NIGERIA,34
Sheridan College,NOT REPORTED,541
Sheridan College,PAKISTAN,126
Sheridan College,PALESTINIAN TERRITORY OCCUPIED,10
Sheridan College,PARAGUAY,N/A
Sheridan College,PERU,N/A
Sheridan College,PHILIPPINES,97
Sheridan College,POLAND,14
Sheridan College,PORTUGAL,N/A
Sheridan College,ROMANIA,N/A
Sheridan College,RUSSIAN FEDERATION,N/A
Sheridan College,RWANDA,N/A
Sheridan College,SAUDI ARABIA,N/A
Sheridan College,SERBIA,N/A
Sheridan College,SINGAPORE,N/A
Sheridan College,SOUTH AFRICA,N/A
Sheridan College,SPAIN,N/A
Sheridan College,SRI LANKA,19
Sheridan College,ST LUCIA,N/A
Sheridan College,ST VINCENT AND THE GRENADINES,N/A
Sheridan College,SUDAN,N/A
Sheridan College,Syria,N/A
Sheridan College,TAIWAN,N/A
Sheridan College,TANZANIA UNITED REPUBLIC OF,N/A
Sheridan College,THAILAND,N/A
Sheridan College,TRINIDAD AND TOBAGO,14
Sheridan College,TURKEY,N/A
Sheridan College,UGANDA,N/A
Sheridan College,UKRAINE,N/A
Sheridan College,UNITED ARAB EMIRATES,N/A
Sheridan College,UNITED KINGDOM,24
Sheridan College,UNITED STATES,18
Sheridan College,URUGUAY,N/A
Sheridan College,VENEZUELA,N/A
Sheridan College,VIET NAM,11
Sheridan College,YEMEN,N/A
Sheridan College,ZAMBIA,N/A
Sheridan College,ZIMBABWE,N/A
Sir Sandford Fleming College,AFGHANISTAN,N/A
Sir Sandford Fleming College,ALBANIA,N/A
Sir Sandford Fleming College,ARGENTINA,N/A
Sir Sandford Fleming College,AUSTRALIA,N/A
Sir Sandford Fleming College,AUSTRIA,N/A
Sir Sandford Fleming College,BANGLADESH,N/A
Sir Sandford Fleming College,BARBADOS,N/A
Sir Sandford Fleming College,BELARUS,N/A
Sir Sandford Fleming College,BOSNIA AND HERZEGOVINA,N/A
Sir Sandford Fleming College,BRAZIL,N/A
Sir Sandford Fleming College,BULGARIA,N/A
Sir Sandford Fleming College,CAMEROON,N/A
Sir Sandford Fleming College,CANADA,5071
Sir Sandford Fleming College,CHILE,N/A
Sir Sandford Fleming College,CHINA,N/A
Sir Sandford Fleming College,COLOMBIA,N/A
Sir Sandford Fleming College,"CONGO, DEMOCRATIC REPUBLIC OF THE",N/A
Sir Sandford Fleming College,CROATIA,N/A
Sir Sandford Fleming College,CUBA,N/A
Sir Sandford Fleming College,DOMINICAN REPUBLIC,N/A
Sir Sandford Fleming College,ECUADOR,N/A
Sir Sandford Fleming College,EGYPT,N/A
Sir Sandford Fleming College,ERITREA,N/A
Sir Sandford Fleming College,ETHIOPIA,N/A
Sir Sandford Fleming College,GERMANY,N/A
Sir Sandford Fleming College,GHANA,N/A
Sir Sandford Fleming College,GRENADA,N/A
Sir Sandford Fleming College,GUATEMALA,N/A
Sir Sandford Fleming College,GUYANA,N/A
Sir Sandford Fleming College,HONG KONG,N/A
Sir Sandford Fleming College,INDIA,14
Sir Sandford Fleming College,INDONESIA,N/A
Sir Sandford Fleming College,IRAN,N/A
Sir Sandford Fleming College,IRELAND REPUBLIC OF (EIRE),N/A
Sir Sandford Fleming College,ITALY,N/A
Sir Sandford Fleming College,JAMAICA,10
Sir Sandford Fleming College,KENYA,N/A
Sir Sandford Fleming College,KOREA SOUTH,N/A
Sir Sandford Fleming College,KUWAIT,N/A
Sir Sandford Fleming College,KYRGYZSTAN,N/A
Sir Sandford Fleming College,LATVIA,N/A
Sir Sandford Fleming College,LIBERIA,N/A
Sir Sandford Fleming College,MACEDONIA (FYROM),N/A
Sir Sandford Fleming College,"MOLDOVA, REPUBLIC OF",N/A
Sir Sandford Fleming College,NEPAL,N/A
Sir Sandford Fleming College,NETHERLANDS,N/A
Sir Sandford Fleming College,NIGERIA,N/A
Sir Sandford Fleming College,NOT REPORTED,125
Sir Sandford Fleming College,PAKISTAN,N/A
Sir Sandford Fleming College,PAPUA NEW GUINEA,N/A
Sir Sandford Fleming College,PERU,N/A
Sir Sandford Fleming College,PHILIPPINES,10
Sir Sandford Fleming College,POLAND,N/A
Sir Sandford Fleming College,PORTUGAL,N/A
Sir Sandford Fleming College,QATAR,N/A
Sir Sandford Fleming College,ROMANIA,N/A
Sir Sandford Fleming College,RUSSIAN FEDERATION,N/A
Sir Sandford Fleming College,SAUDI ARABIA,N/A
Sir Sandford Fleming College,SERBIA,N/A
Sir Sandford Fleming College,SLOVAKIA,N/A
Sir Sandford Fleming College,SOUTH AFRICA,N/A
Sir Sandford Fleming College,SPAIN,N/A
Sir Sandford Fleming College,SRI LANKA,N/A
Sir Sandford Fleming College,SUDAN,N/A
Sir Sandford Fleming College,THAILAND,N/A
Sir Sandford Fleming College,TRINIDAD AND TOBAGO,N/A
Sir Sandford Fleming College,UKRAINE,N/A
Sir Sandford Fleming College,UNITED KINGDOM,28
Sir Sandford Fleming College,UNITED STATES,19
Sir Sandford Fleming College,VENEZUELA,N/A
Sir Sandford Fleming College,ZAMBIA,N/A
Sir Sandford Fleming College,ZIMBABWE,N/A
St. Clair College,AFGHANISTAN,N/A
St. Clair College,ALBANIA,N/A
St. Clair College,AMERICAN SAMOA,N/A
St. Clair College,ARGENTINA,N/A
St. Clair College,BANGLADESH,16
St. Clair College,BOLIVIA,N/A
St. Clair College,BOSNIA AND HERZEGOVINA,N/A
St. Clair College,BRAZIL,N/A
St. Clair College,CANADA,6949
St. Clair College,CHINA,N/A
St. Clair College,INDIA,N/A
St. Clair College,IRAN,N/A
St. Clair College,JORDAN,N/A
St. Clair College,NOT REPORTED,327
St. Clair College,Syria,N/A
St. Clair College,UNITED ARAB EMIRATES,N/A
St. Lawrence College,BRAZIL,N/A
St. Lawrence College,CANADA,5386
St. Lawrence College,HUNGARY,N/A
St. Lawrence College,NIGERIA,N/A
St. Lawrence College,PAKISTAN,N/A
St. Lawrence College,UNITED STATES,N/A
