Variable Name (Nom de la variable),Description English,Description français,Code,Code Description English,Description du code français
,,,,,
#AGGR_TYPE_CD,Aggregation level of record,Niveau de l'enregistrement de l'agrégation,Cl,Occupational cluster,Groupe de programme 
,,,Co,College,Collège
,,,Dv,Occupational division,Le domaine d' études 
,,,Program,Program,Programme 
,,,Rg,Region,Région
,,,Sy,"System (i.e., province)",Système
,,,,,
S_MTCU,Program code,Code de programme,A-60100,Business Administration - Accounting,Administration des affaires - comptabilité
,,,A-60200,Business Administration,Administration des affaires
,,,A-60201,Business Administration - Finance,Administration des affaires - finance
,,,A-60202,Business Administration - International Business,Administration des affaires - Commerce international
,,,A-60204,Business Administration - Professional Golf Management,Administration des affaires - gestion du golf professionnel
,,,A-60209,Industrial Engineering Technology - Management,Technologie du génie industriel - gestion
,,,A-60217,Business Administration - Operations Management,Administration des affaires - gestion des activités
,,,A-60223,Business Administration - Human Resources,Administration des affaires - gestion des ressources humaines,,,
,,,A-60231,Business Administration - Small Business Management,Administration des affaires - gestion de petites entreprises,,,
,,,A-60243,Public Relations - 3 year,Relations publiques - 3 ans,,,
,,,A-60261,Air Carrier/airport Management Technology,Administration des aéroports et des transports aériens,,,
,,,A-60262,Aviation Safety,Sécurité d'aviation,,,
,,,A-60272,E-commerce Management,Gestion du commerce électronique,,,
,,,A-60500,Business Administration - Information Systems,Administration des affaires - informatique,,,
,,,A-60503,Computer Programmer Analyst,Informatique - programmation et analyse,,,
,,,A-60504,Software Engineering Technology,Technologie du génie logiciel,,,
,,,A-60505,Computer Systems Technology,Technologie des systèmes informatiques,,,
,,,A-60509,Computer Engineering Technology,Technologie du génie informatique,,,
,,,A-60513,Technology Of Website Development,Technologie de projet Internet,,,
,,,A-60518,IT Innovation and Design,Innovation et conception - technologie de l'information,,,
,,,A-60600,Architectural Technology,Technologie de l'architecture,,,
,,,A-60701,Child And Youth Worker,Techniques d'éducation spécialisée - 3 ans,,,
,,,A-60719,Behavioural Science Technology,Technologie des sciences du comportement,,,
,,,A-60735,American Sign Language - English Interpreter,Interprétation en langage gestuel,,,
,,,A-60807,Museum Technology,Technologie des musées,,,
,,,A-61003,Civil Engineering Technology,Technologie du génie civil,,,
,,,A-61007,Mechanical Engineering Technology,Technologie du génie mécanique,,,
,,,A-61011,Instrumentation Engineering Technology,Technologie du génie des instruments de précision,,,
,,,A-61020,Photonics Engineering Technology,Technologie du génie de la photonique,,,
,,,A-61021,Electro-mechanical Engineering Technology,Technologie du génie électromécanique,,,
,,,A-61101,Automation Engineering Technology,Technologie du génie de l'automatisation,,,
,,,A-61301,Chemical Engineering Technology,Technologie du génie chimique,,,
,,,A-61302,Chemical Laboratory Technology,Technologie chimique,,,
,,,A-61303,Biomedical Engineering Technology,Technologie du génie biomédical,,,
,,,A-61304,Biotechnology Technologist,Biotechnologiste,,,
,,,A-61603,Veterinary Technology,Technologie des soins vétérinaires,,,
,,,A-61605,Medical Imaging Technology - Radiography,Radiographie,,,
,,,A-61607,Dental Technology,Technologie des soins dentaires,,,
,,,A-61608,Bridging Program For Medical Laboratory Technology,Programme de mise à niveau pour technologue de laboratoire médical,,,
,,,A-61609,Medical Laboratory Technology,Technologie du laboratoire médical,,,
,,,A-61610,Medical Imaging Technology - Ultrasonography,Technologie d'imagerie médicale - ultrasonographie,,,
,,,A-61615,Respiratory Therapy,Thérapie respiratoire,,,
,,,A-61618,Massage Therapy,Massothérapie,,,
,,,A-61626,Denturism,Denturothérapie,,,
,,,A-61628,Dental Hygiene,Hygiène dentaire,,,
,,,A-61643,Health Informatics Technology,Technologie de l'information en santé - 3 ans,,,
,,,A-61645,Hearing Instrument Specialist - 3 year,Audioprothésiste - 3 ans,,,
,,,A-61800,Fine Arts And Crafts - Advanced,Beaux-arts et artisant - avancés,,,
,,,A-61803,Ceramics - Advanced,Céramique - avancée,,,
,,,A-61806,Jewellery Arts,Les arts de la joaillerie,,,
,,,A-61820,Graphic Design,Conception graphique,,,
,,,A-61823,Fashion Arts,Mode,,,
,,,A-61833,Interior Design - 3 year,Design d'intérieur - avancé,,,
,,,A-61850,Game Programming,Programmation de jeux multimédia,,,
,,,A-61900,Game Development,Conception de jeux multimédia,,,
,,,A-61901,Animation,Animation,,,
,,,A-61903,Broadcasting - Radio And Television - 3 year,Radiotélédiffusion - 3 ans,,,
,,,A-61907,Music,Musique,,,
,,,A-61911,Theatre Arts,Arts dramatiques,,,
,,,A-61912,Music Theatre - Performance,Théâtre musical - interprétation,,,
,,,A-61913,Theatrical Production Arts,Arts liés à la production théâtrale,,,
,,,A-61914,Music Business Management,Administration de l'industrie musicale,,,
,,,A-61920,Entertainment Technology,Technologie du spectacle,,,
,,,A-62005,Journalism - Print,Journalisme - écrit,,,
,,,A-62006,Journalism - Print And Broadcast,Journalisme - écrit et de radiotélévision - 3 ans,,,
,,,A-62100,Advertising - 3 year,Publicité - 3 ans,,,
,,,A-62203,Sports And Entertainment Administration,Administration des loisirs,,,
,,,A-62209,Fitness Management,Gestion de l'activité physique,,,
,,,A-62211,Sport Management,Gestion des activités sportives - 3 ans,,,
,,,A-62611,Legal Administration,Administration juridique,,,
,,,A-62700,Environmental Technology,Technologie de l'environnement,,,
,,,A-62709,Fish And Wildlife Technology,Technologie de la pêche et de la faune,,,
,,,A-62801,Financial Planning Management,Gestion de la planification financière,,,
,,,A-62804,Banking And Wealth Management,Gestion bancaire et de patrimoine,,,
,,,A-62900,Business Administration - Marketing,Administration des affaires - marketing,,,
,,,A-62907,Business Administration - Automotive Marketing,Administration des affaires - marketing automobile,,,
,,,A-62909,Fashion Merchandising - 3 year,Marchandisage de la mode - 3 ans,,,
,,,A-63002,Information Security Technology,Technologie de la sécurité de l'information,,,
,,,A-63003,Fire Protection Technology,Technologie de la protection contre les incendies,,,
,,,A-63107,Culinary Administration,Arts culinaires - administration,,,
,,,A-63111,Culinary Innovation and Food Technology,Innovation de la cuisine et la technologie de l'alimentation,,,
,,,A-63200,Hospitality Administration,Administration de l'accueil,,,
,,,A-63201,Hospitality And Tourism Administration,Administration de l'accueil et du tourisme,,,
,,,A-63204,Food And Nutrition Administration,Nourriture et alimentation - administration,,,
,,,A-63205,Tourism Management,Gestion touristique,,,
,,,A-63401,Esthetics and Spa Therapies,Thérapies d'esthétique et de spa,,,
,,,A-63700,Bio-food Technology,Technologie d'oenolgie,,,
,,,A-63702,Food Safety,Salubrité des aliments,,,
,,,A-63905,Landscape Design - 3 year,Architecture paysagiste - 3 ans,,,
,,,A-64203,Forestry Technology,Technologie forestière,,,
,,,A-64204,Forest Management Technology,Technologie de la gestion des forêts,,,
,,,A-64300,Manufacturing Technology - Wood Products,Technologie de la fabrication - produit du bois,,,
,,,A-64407,Geological Engineering Technology - 3 year,Technologie du génie géologique,,,
,,,A-64409,Metallurgical Engineering Technology,Technologie du génie métallurgique,,,
,,,A-64411,Mining Engineering Technology,Technologie du génie minier,,,
,,,A-64701,General Arts And Science - Advanced,Cours collégial général - avancé,,,
,,,A-64900,Welding Engineering Technology,Technologie du génie du soudage,,,
,,,A-65203,Electronics Engineering Technology,Technologie du génie électronique,,,
,,,A-65300,Mechanical Engineering Technology - Tool And Machine Design,Technologie du génie mécanique - conception d'outils et d'appareils d'usine,,,
,,,A-65500,"Heating, Air Conditioning And Refrigeration Technology","Technologie de chauffage, de climatisation et de réfrigération",,,
,,,A-65503,Energy Systems Engineering Technology,Technologie du génie des systèmes énergitiques,,,
,,,A-65613,Electrical Engineering Technology,Technologie du génie électrique,,,
,,,A-65700,Electronics Engineering Technology - Communications,Technologie du génie électronique-communications,,,
,,,A-65701,Broadcast Engineering Technology,Technologie en génie de diffusion générale,,,
,,,A-66301,Plastics Engineering Technology,Technologie du génie chimique - matières synthétiques,,,
,,,A-66600,Aviation Technology - Aircraft Maintenance,Technologie de l'aviation- entretien d.aéronefs,,,
,,,A-67000,Manufacturing Engineering Technology,Technologie du génie de la fabrication,,,
,,,A-67001,Chemical Production Engineering Technology,Technologie du génie des procédés opérationnels,,,
,,,A-67019,Aviation Engineering Technology,Technologie du génie de l'aviation,,,
,,,A-67600,Building Renovation Technology,Technologie de rénovation de bâtiment,,,
,,,A-68200,Construction Engineering Technology,Technologie du génie de la construction,,,
,,,A-68205,Alternative (sustainable) Energy Engineering Technology,Technologie du génie énergitique alternatif et durable,,,
,,,A-68401,Aviation Flight Technology,Aviation,,,
,,,A-68500,Marine Technology - Navigation,Technologie maritime - navigation,,,
,,,A-68600,Marine Engineering Technology,Technologie du génie maritime,,,
,,,A-68900,Business Administration - Materials And Operations Management,Administration des affaires - gestion de stocks,,,
,,,A-68902,Logistics Administration,Administration des opérations et de la production,,,
,,,A-68905,Packaging Design,Conception d'emballages,,,
,,,A-69100,Stationary Engineering Technology,Technologie du génie des machines fixes,,,
,,,A-69101,Power Engineering Technology - Chemical,Technologie du génie électrique - chimique,,,
,,,A-69302,Telecommunications Technology,Technologies des télécommunications,,,
,,,A-69403,Film And Television Production,Production cinématographique et télévision,,,
,,,B-80100,Bachelor of Commerce (Accounting),Baccalauréat en commerce - comptabilité,,,
,,,B-80103,Bachelor of Applied Business (Integrated Accounting And Information Technology Management),Baccalauréats en affaires appliquées-comptabilité intégrée et gestion de la TI,,,
,,,B-80104,Bachelor of Applied Business (International Accounting And Finance,Baccalauréats en affaires appliquées - finance et comptabilité internationale,,,
,,,B-80199,Bachelor of Commerce (Finance),Baccalauréat en commerce - finances,,,
,,,B-80200,Bachelor of Commerce (Business Management),Baccalauréat en commerce - gestion entrepreuniale,,,
,,,B-80201,Bachelor of Applied Business (Financial Services),Baccalauréats en affaires appliquées-services financiers,,,
,,,B-80202,Bachelor of Applied Business (International Business Management),Baccalauréats en affaires appliquées - gestion du commerce international,,,
,,,B-80203,Bachelor of Applied Business (International Commerce And Global Development),Baccalauréat en affaires appliqués-commerce international et développment global,,,
,,,B-80217,Bachelor of Applied Technology (Industrial Management),Baccalauréat en technologie appliquée-gestion industrielle,,,
,,,B-80223,Bachelor of Applied Business (Human Resources Strategy And Technology,Baccalauréats en affaires appliquées-technologie et stratégie en ressources humaines,,,
,,,B-80243,Bachelor of Applied Arts (Public Relations),Baccalauréat en arts appliqués - relations publique,,,
,,,B-80272,Bachelor of Applied Business (Electronic Business),Baccalauréat en affaires appliquées-commerce électronique,,,
,,,B-80504,Bachelor of Applied Technology (Software Development),Baccalauréat en technologie appliquée-élaboration de logiciels,,,
,,,B-80505,"Bachelor of Applied Information Sciences (Software Systems - Design, Development And Management)","Baccalauréat en sciences de l'information appliquées - suivi logiciel en conception, élaboration et gestion",,,
,,,B-80509,Bachelor of Applied Information Sciences (Information Systems Security),Baccalauréat en sciences de l.information appliquées-sécurité des systèmes d.information,,,
,,,B-80511,Bachelor of Applied Information Sciences (Computer And Communication Networking),Baccalauréat en sciences de l.information appliquées-réseautage informatique et de communications,,,
,,,B-80516,Bachelor of Applied Computer Science (Mobile Computing),Baccalauréat en informatique appliquée (information mobile),,,
,,,B-80521,Bachelor of Applied Technology (Informatics And Security),Baccalauréats en technologie appliquée - science de l'information et sécurité,,,
,,,B-80701,Bachelor of Applied Arts (Child Development),Baccalauréat en arts appliqués - développement de l'enfant,,,
,,,B-80705,Bachelor of Applied Arts (Criminal Justice),Baccalauréat en arts appliqués - justice pénale,,,
,,,B-80719,Bachelor of Applied Arts (Behavioural Psychology),Baccalauréat en arts appliqués - psychologie comportementale,,,
,,,B-80724,Bachelor of Applied Arts (Human Services Management),Baccalauréat en arts appliqués - gestion des services à la personne,,,
,,,B-81020,Bachelor of Applied Technology (Photonics),Baccalauréat en technologie appliquée-photonique,,,
,,,B-81211,Bachelor of Applied Arts (Early Childhood Leadership),Baccalauréat en arts appliqués - gestion de la petite enfance,,,
,,,B-81217,Bachelor of Early Learning Program Development,Baccalauréat en élaboration des programmes d'apprentissage des jeunes enfants,,,
,,,B-81304,Bachelor of Applied Technology (Biotechnology),Baccalauréat en technologie appliqué (Biotechnologie),,,
,,,B-81643,Bachelor of Applied Health Sciences (Health Informatics Management),Baccalauréat en sciences de la santé appliquées - gestion de l'informatique de la santé,,,
,,,B-81800,Bachelor of Film and Television,Baccalauréat en cinématographie et télévision,,,
,,,B-81817,Bachelor of Applied Technology (Industrial Design),Baccalauréat en technologie appliquée-conception industrielle,,,
,,,B-81823,Bachelor of Applied Business (Fashion Management),Baccalauréat en affaires appliquées- gestion de la mode,,,
,,,B-81824,Bachelor of Design,Baccalauréat de design,,,
,,,B-81829,Bachelor of Applied Arts (Film and Media Production),Baccalauréat en arts appliqués - réalisation de filme et médias,,,
,,,B-81831,Bachelor of Applied Arts (Photography),Baccalauréat en arts appliqués - photographie,,,
,,,B-81833,Bachelor of Applied Arts (Interior Design),Baccalauréat en arts appliqués - design intérieur,,,
,,,B-81900,Bachelor of Applied Arts (Game Design),Baccalauréat en arts appliqués (conception de jeux),,,
,,,B-81901,Bachelor of Applied Arts (Animation),Baccalauréat en arts appliqués - animation,,,
,,,B-81907,Bachelor of Applied Music (Contemporary Music),Baccalauréat en musique appliquée - musique contemporaine,,,
,,,B-81912,Bachelor of Applied Arts (Music Theatre Performance),Baccalauréat en arts appliqués - théatre musicale,,,
,,,B-82006,Bachelor of Journalism,Baccalauréat en journalisme,,,
,,,B-82012,Bachelor of Digital Communications,Baccalauréat en communications numériques,,,
,,,B-82102,Bachelor of Applied Arts (Creative Advertising),Baccalauréat en arts appliqués - publicité créative,,,
,,,B-82199,Bachelor of Applied Health Sciences (Exercise Sciences and Health Promotion),Baccalauréat en sciences de la santé appliquées - science d'exercise et la promouvoir de la santé,,,
,,,B-82200,Bachelor of Applied Health Sciences (Athletic Therapy),Baccalauréat en sciences de la santé appliquées-thérapie sportive,,,
,,,B-82206,Bachelor of Applied Arts (Therapeutic Recreation),Baccalauréat en arts appliqués - loisirs thérapeutiques,,,
,,,B-82220,Bachelor of Applied Business (Golf Management),Baccalauréat en affaires appliquées-gestion du golf,,,
,,,B-82611,Bachelor of Applied Arts (Paralegal Studies),Baccalauréat en arts appliqués-études parajuridiques,,,
,,,B-82613,Bachelor of Applied Technology (Construction And Environment - Regulations And Compliance),Baccalauréat en technologie appliquée-Construction et droit environnemental,,,
,,,B-82703,Bachelor of Applied Technology (Integrated Environmental Site Remediation),Baccalauréat en technologie appliquée-assainissement environnemental intégré des sites,,,
,,,B-82801,Bachelor of Applied Business (Financial Services Management),Baccalauréat en affaires appliquées-gestion de services financiers,,,
,,,B-82900,Bachelor of Commerce (Marketing),Baccalauréat en commerce - commercialisation,,,
,,,B-82907,Bachelor of Applied Business (Automotive Management),Baccalauréat en affaires appliquées-gestion automobile,,,
,,,B-83007,Bachelor of Applied Human Services (Community and Criminal Justice),Baccalauréat en services à la personne appliqués - justice pénale et communautaire,,,
,,,B-83008,Bachelor of Applied Human Services (Police Studies),Baccalauréat en services à la personne appliqués-études policières,,,
,,,B-83200,Bachelor of Applied Business (Hospitality Operations Management),Baccalauréat en affaires appliquées-Gestion des activités d'hébergement,,,
,,,B-83205,Bachelor of Applied Business (Tourism Management),Baccalauréats en affaires appliquées - gestion touristique,,,
,,,B-83209,Bachelor of Hospitality and Tourism Management,"""B""accalauréat en l""""hospitalité et la gestion de tourisme""""",,,
,,,B-83905,Bachelor of Applied Arts (Integrated Land Planning Technologies),Baccalauréat en arts appliqués - technologies intégrées en gestion des terres,,,
,,,B-84701,Bachelor of Interdisciplinary Studies,Baccalauréat en études interdisciplinaires,,,
,,,B-87000,Bachelor of Applied Technology (Integrated Advanced Manufacturing Technologies),Baccalauréat en technologie appliquée-technologies de fabrication avancées intégrées,,,
,,,B-88200,Bachelor of Applied Technology (Architecture - Project And Facility Management),Baccalauréat en technologie appliquée-architecture - gestion de projets et d.installations,,,
,,,B-88201,Bachelor of Applied Technology (Construction Science And Management),Baccalauréat en Technologie appliquée (Gestion et sciences de la construction),,,
,,,B-88203,Bachelor of Building Science,Baccalauréat en science du bâtiment,,,
,,,B-88401,Bachelor of Applied Technology (Flight Program),Baccalauréat en technologie appliquée-programme de vol,,,
,,,B-88902,Bachelor of Applied Business (e-business Supply Chain Management),Baccalauréat en affaires appliquées-gestion de chaîne d.approvisionnement pour le commerce électronique,,,
,,,B-89302,Bachelor of Applied Technology (Integrated Telecommunication And Computer Technologies),Baccalauréat en technologie appliquée-technologies informatiques et des télécommunications,,,
,,,B-89405,Bachelor of Applied Arts (Illustration),Baccalauréat en arts appliqués - illustration,,,
,,,B-89407,Bachelor of Applied Arts (Interaction Design),Baccalauréat en arts appliqués (conception interactive),,,
,,,B-89411,Bachelor of Craft and Design,Baccalauréat en artisant et désign,,,
,,,C-40100,Accounting Techniques,Pratique de la comptabilité,,,
,,,C-40200,Administration Studies,Études en administration,,,
,,,C-40205,Pre-business,Cours préparatoire au programme d'administration,,,
,,,C-40208,Business Fundamentals,Principes fondamentaux en commerce,,,
,,,C-40214,Business Foundations,Connaissance fondamentale en commerce,,,
,,,C-40217,Quality Management,Gestion de la qualité,,,
,,,C-40231,Small Business,Petites entreprises,,,
,,,C-40264,Independent Music Production,Production musicale indépendante,,,
,,,C-40400,Drafting Techniques,Aide en dessin industriel,,,
,,,C-40505,Computer Foundations,Connaissance fondamentale en informatique,,,
,,,C-40508,Computer Applications Support,Soutien en matière d'applications informatiques,,,
,,,C-40509,Computer Repair And Maintenance,Entretien et réparation d'ordinateurs,,,
,,,C-40511,Microcomputer Support Services,Services de soutien des micro-ordinateurs,,,
,,,C-40513,Internet Website Development - 1 year,Développement de sites Internet - 1 an,,,
,,,C-40719,Human Services Foundation,Connaissance fondamentale en services humaines,,,
,,,C-40735,Pre-interpreter,Pré-interprète,,,
,,,C-40741,Aboriginal Languages,Langues autochtones,,,
,,,C-41007,Mechanical Techniques,Pratique en mécanique,,,
,,,C-41010,Plumbing Techniques,Techniques de plomberie - 1 an,,,
,,,C-41023,Underwater Skills,Pratique en environnement sous-marin,,,
,,,C-41205,Teachers Of Adults - 1 year,Enseignement aux adultes,,,
,,,C-41211,Day Care Assistant,Auxiliaire de garderie,,,
,,,C-41301,Laboratory Assistant,Aide en laboratoire,,,
,,,C-41397,Orientation To Nursing In Ontario For Practical Nurses,Perfectionnement pour infirmier et infirmière auxilliaire autorisé dans des Sciences infirmières de l'Ontario,,,
,,,C-41469,Personal Support Worker,Préposés aux services de soutiens personnels,,,
,,,C-41601,Preparatory Health Sciences,Cours préparatoire en sciences de la santé,,,
,,,C-41602,Animal Grooming,Pansage des animaux,,,
,,,C-41603,Animal Care,Soins des animaux,,,
,,,C-41605,Radiation Safety,Radioprotection - 1 an,,,
,,,C-41609,Medical Laboratory Assistant,Assistant de laboratoire médical,,,
,,,C-41610,Sterile Supply Processing,Préparation et stérilisation des instruments et fournitures,,,
,,,C-41621,Indigenous Community Diabetes Support,Soutien de diabète communautaire pour les peuples autochtones,,,
,,,C-41624,Retail Pharmacy Assistant,Aide pharmaceutique en vente au détail,,,
,,,C-41629,Dental Assisting (levels I And Ii),Soins dentaires (niveaux I et II),,,
,,,C-41634,911 And Emergency Response,911 et interventions d'urgence,,,
,,,C-41636,Emergency Telecommunications,Télécommunications d'urgence,,,
,,,C-41641,Developmental Disabilities,Besoins particuliers et soutien à l'intégration,,,
,,,C-41800,Art Fundamentals,Introduction à l'art,,,
,,,C-41802,Artist Blacksmith,Ferronnerie d'art,,,
,,,C-41803,Ceramics - 1 year,Céramique - 1 an,,,
,,,C-41804,Textile Surface Design,Dessin textile de surface,,,
,,,C-41805,Glassblowing,Soufflage du verre,,,
,,,C-41806,Jewellery Essentials,Joaillerie-métiers d'arts,,,
,,,C-41808,Gemmology,Gemmologie,,,
,,,C-41810,Sculpture - Figurative And Representational,Sculpture figurative et évocative,,,
,,,C-41814,Digital Image Design,Conception de l'image numérique,,,
,,,C-41820,Graphic Design Fundamentals,Introduction à la conception graphique,,,
,,,C-41823,Fashion Studies,Études en mode,,,
,,,C-41831,Photographic Laboratory Operator,Pratique en laboratoire photographique,,,
,,,C-41903,Media Fundamentals,Médias - notions de base,,,
,,,C-41904,Pre-media,Prémédias,,,
,,,C-41907,Pre-music,Musique - cours préparatoire,,,
,,,C-41911,Pre - Theatre Arts,Arts dramatiques - cours préparatoire,,,
,,,C-41918,Commercial Dance Studies,Études de danse commerciale,,,
,,,C-41919,Dance Performance Preparation,Préparation à la danse du spectacle,,,
,,,C-42100,Advertising And Promotions For Retail,Publicité pour la vente au détail,,,
,,,C-42201,Outdoor Adventure Skills,Connaissances des aventures et des excursions en plein air,,,
,,,C-42203,Rural Recreation,Rural Recreation,,,
,,,C-42206,Recreation - Therapeutic Assistant,Adjoint-ludothéraphie,,,
,,,C-42209,Fundamentals of Fitness Leadership,Introduction à ludothérapie,,,
,,,C-42222,Park Operation Skills,Exploitation de parc naturel,,,
,,,C-42304,Customer Service Fundamentals - Insurance,Principes fondamentaux du service à la clientèle-assurance,,,
,,,C-42305,Court Reporting - Stenomask,Soutien technique pour tribunal,,,
,,,C-42308,Office Administration - Medical - 1 year,Administration de bureau - médical - 1 an,,,
,,,C-42309,Office Administration-animal Care Services,Administration de bureau- soins animaliers,,,
,,,C-42313,Office Administration - General,Administration de bureau - commis,,,
,,,C-42317,Medical Transcriptionist - Health Records,Transcription médicale - dossiers de santé,,,
,,,C-42320,Dental Office Administration,Administration d'un cabinet de dentiste,,,
,,,C-42400,Bookkeeping,Comptabilité,,,
,,,C-42401,Accounting Clerk - Microcomputer,Commis en comptabilité - micro-ordinateur,,,
,,,C-42509,Computer Operator,Opération d'ordinateurs,,,
,,,C-42700,Environmental Techniques,Pratique environnementales,,,
,,,C-42713,Nature Interpreters,Interprétation de la nature,,,
,,,C-42801,Investment Sales Assistant,Aide en vente de valeurs mobilières,,,
,,,C-42905,Call Centre Operator,Opération d'un standard téléphonique,,,
,,,C-42929,Retailing,Vente de détail,,,
,,,C-42936,Sales,Pratique en ventes,,,
,,,C-42937,Cosmetic Sales,Ventes de produits de beauté,,,
,,,C-43001,Protective Security,Protection et sécurité,,,
,,,C-43006,Pre-service Firefighter Education And Training,Pré-formation pour la protection contre les incendies,,,
,,,C-43007,Law And Security - Basic,Loi et sécurité - cours d'introduction,,,
,,,C-43015,Emergency Services Fundamentals,Principes fondamentaux des services d.urgence,,,
,,,C-43106,Baking - Pre-employment,Pâtisserie - pré-emploi,,,
,,,C-43107,Culinary Skills - Chef Training,Arts culinaires,,,
,,,C-43108,Bartending,Service de bar,,,
,,,C-43112,Sommelier - beer,Sommelier . bière,,,
,,,C-43113,Hospitality Foundations - 2 semester,Connaissance fondamentale de l'accueil - 2 semestres,,,
,,,C-43200,Hospitality And Tourism,Accueil et tourisme,,,
,,,C-43201,Food And Beverage Service,Service des aliments et des boissons,,,
,,,C-43203,Food Service Worker,Travailleur des services alimentaires,,,
,,,C-43205,Travel Counsellor,Aide en voyage et en tourisme,,,
,,,C-43217,Ski Area Operations,Pratique d'exploitation d'une station de ski,,,
,,,C-43303,Funeral Pre-Planner,Conseillère ou conseiller en préarrangements funéraires,,,
,,,C-43400,Hairstyling Techniques,Techniques de coiffure,,,
,,,C-43601,Flight Services,Services aériens,,,
,,,C-43901,Retail Florist,Fleuriste,,,
,,,C-43905,Landscape And Horticultural Techniques,Aménagement paysagiste et horticulture,,,
,,,C-43906,Urban Arboriculture,Arboriculture urbaine,,,
,,,C-44203,Forestry Worker,Travail forestier,,,
,,,C-44300,Manufacturing Techniques - Wood Products,Pratique de fabrication-travail du bois,,,
,,,C-44403,Blasting Techniques,Techniques de dynamitage,,,
,,,C-44411,Mining And Mineral Processing,Mines et traitement des minéraux,,,
,,,C-44413,Mining Foundations,Fondations minière,,,
,,,C-44700,General Arts And Science - One-year,Cours collégial général - un an,,,
,,,C-44701,General Vocational Preparation,Cours préparatoire aux études collégiales,,,
,,,C-44702,Pre-technology,Cours préparatoire en technologie,,,
,,,C-44900,Welding Techniques,Techniques de soudage,,,
,,,C-45211,Aviation Techniques - Aircraft Maintenance,Techniques d'aviation - entretien des aéronefs,,,
,,,C-45300,Machine Shop,Atelier d'usinage,,,
,,,C-45500,"Heating, Air Conditioning And Refrigeration Techniques","Pratique de chauffage, de climatisation et de réfrigération",,,
,,,C-45501,Gas Technician 2,Pratique en gaz (niveau II),,,
,,,C-45502,Gas And Oil Burner Technician 2,Pratique en brûleur à gaz et à mazout,,,
,,,C-45503,Energy Audit Techniques,Programme de formation de technicien en systèmes énergétiques,,,
,,,C-45505,Gas Technician,Pratique en gaz,,,
,,,C-45550,Renewable Energy Techniques,Techniques de l'energie renouvelable,,,
,,,C-45613,Electrical Techniques,Techniques d'électricité,,,
,,,C-46401,Auto Body Repair Techniques,Techniques de carrosserie automobile,,,
,,,C-46405,Motive Power Fundamentals,Principes fondamentaux d'entretien des véhicules moteurs,,,
,,,C-46600,Aircraft Structural Repair Technician,Pratique de réparation de structure d'aéronefs,,,
,,,C-46704,Heavy Equipment Operator,Opération de machinerie lourde,,,
,,,C-46705,Motive Power Techniques - Heavy Equipment,Entretien des véhicules moteurs - machinerie lourde,,,
,,,C-47000,Manufacturing Techniques,Pratique de fabrication,,,
,,,C-47013,Microelectronics Manufacturing Techniques - Surface Mount,Fabrication de composants montés en surface - microélectronique,,,
,,,C-47100,Motive Power Techniques - Small Powered Equipment,Entretien des véhicules moteurs - petits moteurs,,,
,,,C-47600,Renovation Techniques,Rénovations résidentielles,,,
,,,C-47610,Construction Craft Worker Foundations,Programme de formation de manoeuvre en construction,,,
,,,C-47700,Masonry Techniques - 1 year,Maçonnerie,,,
,,,C-48200,Construction Techniques,Pratique des métiers de la contruction,,,
,,,C-48202,Construction & Hoisting Techniques,Practique des métiers de la construction et de levage,,,
,,,C-48205,Sustainable Building Design And Construction,Conception et construction durable de bâtiments,,,
,,,C-48206,Sustainable Renovations,Rénovations durables,,,
,,,C-49100,Stationary Engineering - 1 year,Pratique des machines fixes,,,
,,,C-49403,New Media Design,La conception des nouveaux médias,,,
,,,C-49625,College Vocational - 1 year,Cours collégial préparatoire à l'emploi - 1 an,,,
,,,C-49651,Building Bridges,Créer des liens,,,
,,,C-49652,Transition To College For Students With Disabilities,Transition au collège des étudiants avec des besoins spéciaux,,,
,,,C-59650,Community Integration Through Co-operative Education,Intégration communautaire par l'éducation coopérative,,,
,,,D-50100,Business - Accounting,Commerce - comptabilité,,,
,,,D-50102,Professional Accounting,Expert-comptable,,,
,,,D-50104,Accounting And Payroll,Comptabilisation et service de la paie,,,
,,,D-50200,Business,Commerce,,,
,,,D-50201,Business - Finance,Commerce - finance,,,
,,,D-50202,International Business,Commerce international,,,
,,,D-50217,Industrial Management,Gestion industrielle,,,
,,,D-50222,Health Office Administration - 2 year,Gestion de soins de santé,,,
,,,D-50223,Business - Human Resources,Commerce - ressources humaines,,,
,,,D-50227,Government Administration,Administration publique - 2 ans,,,
,,,D-50231,Small Business Management,Gestion de petites entreprises,,,
,,,D-50243,Public Relations - 2 year,Relations publiques - 2 ans,,,
,,,D-50251,Transportation And Distribution,Techniques du transport et de la distribution,,,
,,,D-50258,Ontario Band Social Services Administrator,Administrateur de services sociaux pour le Conseil de bande de l'Ontario,,,
,,,D-50261,Air Carrier/airport Management,Gestion des aéroports et des transports aériens,,,
,,,D-50265,Music Industry Arts,Techniques de l'industrie de la musique,,,
,,,D-50271,Enterprise Business,Entreprise commerciale,,,
,,,D-50300,Survey Technician,Techniques des levés,,,
,,,D-50303,Geographic Information Systems Technician,Techniques d'information géographique,,,
,,,D-50310,Geomatics Technician,Techniques en géomatique,,,
,,,D-50500,Business - Information Systems,Commerce - informatique,,,
,,,D-50503,Computer Programmer,Programmeur en informatique,,,
,,,D-50504,Software Engineering Technician,Techniques du génie logiciel,,,
,,,D-50505,Computer Systems Technician,Techniques des systèmes informatiques,,,
,,,D-50509,Computer Engineering Technician,Techniques de génie informatique,,,
,,,D-50511,Computer Networking And Technical Support,Réseautique et soutien technique,,,
,,,D-50513,Internet Website Development - 2 year,Développement de sites Internet - 2 ans,,,
,,,D-50600,Architectural Technician,Techniques d'architecture,,,
,,,D-50703,Community Worker,Travail communautaire,,,
,,,D-50704,Native Community Worker - 2 year,Travail communautaire auprès des autochtones - 2 ans,,,
,,,D-50705,Community And Justice Services,Techniques de réadaptation et de justice pénale,,,
,,,D-50708,Peace and Conflict Studies,Études de la paix et les conflits,,,
,,,D-50719,Behavioural Science Technician,Techniques des sciences du comportement,,,
,,,D-50721,Social Service Worker,Techniques de travail social,,,
,,,D-50722,Native Child And Family Services,Services aux familles et enfants autochtones,,,
,,,D-50728,Social Service Worker - Gerontology,Techniques de travail social - Gérontologie,,,
,,,D-50729,Activation Co-ordinator/gerontology,Techniques de gérontologie - coordinateur(trice),,,
,,,D-50733,Mental Health Worker,Travail auprès des déficients intellectuels,,,
,,,D-50741,Anishnaabemowin Language Programming,Programme d'enseignement de la langue Anishnaabemowin,,,
,,,D-50805,Library And Information Technician,Techniques de documentation et d'information,,,
,,,D-50811,Collections Conservation And Management,Conservation et gestion des collections d'art,,,
,,,D-50904,Family Violence - Counsellor And Advocate,Violence familiale - conseiller,,,
,,,D-50913,Career And Work Counsellor,Techniques d'orientation professionnelle,,,
,,,D-51003,Civil Engineering Technician,Techniques du génie civil,,,
,,,D-51006,Quality Engineering Technician-non Destructive Evaluation,Techniques de gestions de la qualité - évaluation non destructive,,,
,,,D-51007,Mechanical Engineering Technician,Techniques du génie mécanique,,,
,,,D-51009,Building Systems Engineering Technician,Techniques du génie en méchanique du bâtiment,,,
,,,D-51010,Plumbing Technician,Techniques de plomberie - 2 ans,,,
,,,D-51011,Instrumentation Engineering Technician,Techniques des instruments de précision,,,
,,,D-51020,Photonics Engineering Technician,Techniques du génie de la photonique,,,
,,,D-51021,Electro-mechanical Engineering Technician,Techniques de génie électromécanique,,,
,,,D-51022,Wind Turbine Technician,Techniques d'aérogénérateur,,,
,,,D-51024,Electro-Mechanical Maintenance,Entretien électromécanique,,,
,,,D-51100,Automation Technician,Techniques en automatisation,,,
,,,D-51101,Automation Engineering Technician,Techniques du génie de l'automatisation,,,
,,,D-51200,Intervener For Deaf - Blind Persons,Intervention auprès des personnes sourdes-aveugles,,,
,,,D-51207,American Sign Language And Literacy Instructor,Langage des signes américains et alphabétiseur,,,
,,,D-51211,Early Childhood Education,Garde éducative à l'enfance,,,
,,,D-51213,Audio-visual Technician,Techniques audiovisuelles,,,
,,,D-51228,Educational Assistant - 2 year,Techniques d'appui à l'enseignement - besoins particuliers,,,
,,,D-51237,Educational Resources And Special Needs,Ressources pédagogiques et besoins particuliers,,,
,,,D-51301,Chemical Engineering Technician,Techniques du génie chimique,,,
,,,D-51302,Chemical Laboratory Technician,Techniques chimiques,,,
,,,D-51304,Biotechnology Technician,Techniques de biotechnologie,,,
,,,D-51407,Practical Nursing - 2 year,Soins infirmiers auxiliaires - 2 ans,,,
,,,D-51502,Occupational Therapist Assistant/physiotherapist Assistant (ota/pta) - 2 year,Aide-ergothérapeute/Aide-physiothérapeute - 2 ans,,,
,,,D-51603,Veterinary Technician,Techniques des soins vétérinaires,,,
,,,D-51606,Medical Electroneurophysiology Technician,Techniques d'életroneurophysiologie médicale,,,
,,,D-51611,Opticianry,Fabrication et commerce d'instruments d'optique,,,
,,,D-51612,Cardiovascular Technology,Technologie cardio-vasculaire,,,
,,,D-51623,Pharmacy Technician,Techniques pharmaceutiques,,,
,,,D-51625,Orthotic/prosthetic Technician,Techniques d'orthotique et de prothétique,,,
,,,D-51628,Dental Hygiene,Hygiène dentaire,,,
,,,D-51634,9-1-1 Emergency and Call Centre Communications,Service d'urgence 911 et centres d'appels,,,
,,,D-51637,Paramedic - 2 year,Soins ambulanciers paramédicaux - 2 ans,,,
,,,D-51641,Developmental Services Worker,Services de réadaptation,,,
,,,D-51643,Health Records Administration,Technologie de l'information en santé - 2 ans,,,
,,,D-51645,Hearing Instrument Specialist - 2 year,Audioprothésiste - 2 ans,,,
,,,D-51800,Fine Arts And Crafts,Beaux-arts et artisanat,,,
,,,D-51802,Design And Visual Arts - General,Design et arts visuels,,,
,,,D-51806,Jewellery Methods,Techniques en joaillerie,,,
,,,D-51807,Jewellery And Metals Technician,Techniques de joaillerie,,,
,,,D-51814,Visual And Digital Arts,Arts visuels et numériques,,,
,,,D-51820,Graphic Design Production,Techniques de graphisme,,,
,,,D-51823,Fashion Technique And Design,Techniques et création de mode,,,
,,,D-51825,Fashion Arts - Modelling And Fashion,Mode - mannequin et mode,,,
,,,D-51829,Film Production - 2 year,Production cinématographique - 2 ans,,,
,,,D-51830,Digital Photography And Imaging,Photographie numérique et traitement de l'image,,,
,,,D-51831,Photography - 2 year,Photographie - 2 ans,,,
,,,D-51832,Photojournalism,Reportage-photo,,,
,,,D-51833,Interior Design - 2 year,Design d'intérieur,,,
,,,D-51837,Visual Merchandising Arts,Arts visuels - présentation commerciale,,,
,,,D-51838,Interior Decorating,Décoration d'intérieur,,,
,,,D-51900,Game Design And Development - 2 year,Conception et production de jeux électroniques - 2 ans,,,
,,,D-51901,Animation - Television,Animation pour la télévision,,,
,,,D-51903,Broadcasting - Radio,Radiodiffusion,,,
,,,D-51904,Broadcasting - Television,Télédiffusion,,,
,,,D-51906,Corporate Media Production,Production corporative en multimédia,,,
,,,D-51908,Digital Arts For Musicians,Arts numériques pour musiciens,,,
,,,D-51910,Acting For Film And Television,Interprétation artistique au cinéma et à la télévision,,,
,,,D-51911,Theatre Arts - Production,Arts dramatiques - production,,,
,,,D-51913,Techniques et gestion de scène,Techniques et gestion de scène,,,
,,,D-51914,Entertainment Administration,Administration des divertissements,,,
,,,D-51919,Dance Performance Studies,Études de danses de spectacle,,,
,,,D-51995,Journalism - Broadcast,Journalisme - électronique,,,
,,,D-52001,Professional Writing,Art d'écrire,,,
,,,D-52002,Comedy: Writing And Performance - 2 year,Comédie : écriture et spectacle,,,
,,,D-52005,Journalism - Print - 1 year,Journalisme - écrit - 1 an,,,
,,,D-52006,Journalism - Print And Broadcasting,Journalisme - écrit et de radiotélévision - 2 ans,,,
,,,D-52009,Communications,Communications,,,
,,,D-52100,Advertising - 2 year,Publicité - 2 ans,,,
,,,D-52102,Creative Advertising,Création publicitaire,,,
,,,D-52109,Sport Conditioning,Conditionnement sportif,,,
,,,D-52201,Recreational Tourism Management,Gestion du récréotourisme,,,
,,,D-52202,Tourism,Tourisme,,,
,,,D-52203,Recreation And Leisure Services,Études en loisirs,,,
,,,D-52204,"Hospitality, Recreation And Tourism","Accueil, tourisme et loisirs",,,
,,,D-52205,Special Events Planning - Destination Tourism,Planification d'événements spéciaux-destination tourisme,,,
,,,D-52206,Recreation Therapy,Loisir thérapeutique,,,
,,,D-52209,Fitness And Health Promotion,Conditionnement physique et santé,,,
,,,D-52211,Sports Administration,Techniques d'administration des activités sportives,,,
,,,D-52212,Nutrition and Healthy Lifestyle Promotion,Nutrition et la promotion de saines habitudes de vie,,,
,,,D-52219,Recreation Facility Management,Gestion de centre sportif,,,
,,,D-52220,Golf & Recreational Club Management,Gestion de sites récréatifs et de terrains de golf,,,
,,,D-52221,Recreation - Parks Operation And Services,Loisirs - exploitation de parcs et services,,,
,,,D-52303,Dietetic Technician,Techniques diététiques,,,
,,,D-52306,Office Administration - Legal - 2 year,Administration de bureau - juridique - 2 ans,,,
,,,D-52308,Office Administration - Medical - 2 year,Administration de bureau - médical - 2 ans,,,
,,,D-52313,Office Administration,Administration de bureau,,,
,,,D-52316,Office Administration - Executive - 2 year,Administration de bureau - adjoint administratif - 2 ans,,,
,,,D-52330,Office Administration - Office Systems,Administration de bureau - informatique,,,
,,,D-52400,Accounting Business Systems,Méthode de comptabilité commerciale,,,
,,,D-52610,Court And Tribunal Administration,Tribunaux administratifs,,,
,,,D-52611,Law Clerk,Adjoint juridique,,,
,,,D-52613,Court And Tribunal Agent,Agent juridique,,,
,,,D-52700,Environmental Technician,Techniques de l'environnement,,,
,,,D-52705,Water And Waste Water Technician,Techniques sur les ressources en eau et sur les eaux usées,,,
,,,D-52709,Fish And Wildlife Technician,Techniques de gestion de la pêche et de la faune,,,
,,,D-52711,Artisan Agriculture,Agriculture artisanale,,,
,,,D-52712,Agricultural Techniques,Techniques agricoles,,,
,,,D-52801,Financial Services,Services financiers,,,
,,,D-52803,Insurance,Assurance,,,
,,,D-52805,Property Management - 2 year,Gestion immobilière,,,
,,,D-52900,Business - Marketing,Commerce - marketing,,,
,,,D-52907,Automotive Business,Commerce - automobiles,,,
,,,D-52909,Fashion Merchandising - 2 year,Marchandisage de la mode - 2 ans,,,
,,,D-52925,Business - Purchasing,Commerce - achats,,,
,,,D-52928,Recreational Merchandising,Commercialisation des loisirs,,,
,,,D-52936,Business - Sales,Commerce - ventes,,,
,,,D-52937,Cosmetic Techniques,Techniques de cosmétologie,,,
,,,D-53001,Security Management,Administration de la sécurité,,,
,,,D-53002,Security And Alarms Systems Technician,Conception et installation de systèmes de sécurité,,,
,,,D-53003,Fire Protection Technician,Techniques de protection contre les incendies,,,
,,,D-53007,Law And Security Administration,Administration de la loi et de la sécurité,,,
,,,D-53008,Police Foundations,Techniques des services policiers,,,
,,,D-53016,Investigation - Public And Private,Techniques d'enquêtes - publiques et privées,,,
,,,D-53104,Baking And Pastry Arts Management,Gestion en boulangerie et pâtisserie,,,
,,,D-53107,Culinary Management,Arts culinaires - gestion,,,
,,,D-53200,Hospitality Management - 2 year,Gestion de l'industrie hôtelière - 2 ans,,,
,,,D-53201,Food And Beverage Management,Gestion des aliments et boissons,,,
,,,D-53204,Food And Nutrition Management,Supervision des services alimentaires - 2 ans,,,
,,,D-53205,Tourism And Travel,Tourisme et voyage,,,
,,,D-53209,Hospitality And Tourism Management,Gestion de l'industrie de l'accueil et du tourisme,,,
,,,D-53211,Hospitality Management - Catering,Gestion de l.industrie de l'accueil - restauration,,,
,,,D-53217,Ski Resort Operations And Management,Exploitation d'une station de ski,,,
,,,D-53303,Funeral Service Education,Services funéraires,,,
,,,D-53305,Funeral Director,Directrice ou directeur de funérailles,,,
,,,D-53400,Hair Stylist,Styliste de coiffure,,,
,,,D-53401,Esthetician,Techniques d'esthétique,,,
,,,D-53700,Bio-food Technician,Techniques d'oenologie,,,
,,,D-53701,Winery And Viticulture Technician,Techniques de vinerie et viticulture,,,
,,,D-53703,Brewmaster and Brewery Operations Management,Maître-brasseur et gestion de brasserie,,,
,,,D-53704,Food Processing Technician,Techniques de la transformation des aliments,,,
,,,D-53902,Greenhouse Technician,Techniques de serriculture,,,
,,,D-53905,Horticulture Technician,Techniques d'horticulture,,,
,,,D-53906,Urban Forestry Technician,Pratique en sylviculture urbaine,,,
,,,D-53907,Horticultural Industries,Secteurs de l'horticulture,,,
,,,D-54203,Forestry Technician,Techniques forestières,,,
,,,D-54204,Renewable Resource Technician,Techniques des systèmes intégrés de gestion des ressources,,,
,,,D-54205,Forest Recreation Technician,Techniques des loisirs en forêt,,,
,,,D-54300,Manufacturing Technician - Wood Products,Techniques de fabrication - travail du bois,,,
,,,D-54403,Resources Technician - Drilling,Techniques des richesses naturelles - forage,,,
,,,D-54407,Geological Engineering Technician,Techniques du génie géologique,,,
,,,D-54411,Mining Engineering Technician,Techniques du génie minier,,,
,,,D-54700,Military Arts And Science,Programme militaire d'arts et science,,,
,,,D-54701,General Arts And Science,Cours collégial général,,,
,,,D-54900,Welding Engineering Technician,Techniques du génie du soudage,,,
,,,D-54910,Metal Fabrication Technician,Pratique de fabrication des produits métalliques,,,
,,,D-55203,Electronics Engineering Technician,Techniques du génie électronique,,,
,,,D-55211,Aviation Technician - Avionics Maintenance,Techniques de l'aviation - entretien avionique,,,
,,,D-55300,Mechanical Technician,Techniques mécaniques,,,
,,,D-55500,"Heating, Refrigeration And Air Conditioning Technician","Techniques de chauffage, de climatisation et de réfrigération",,,
,,,D-55503,Energy Systems Engineering Technician,Techniques du génie des systèmes énergitiques,,,
,,,D-55507,Sustainable Energy Technician,Techniques d'énergie durable,,,
,,,D-55550,Integrated Energy Systems Technician,Techniques de systèmes énergètiques intégrés,,,
,,,D-55610,Powerline Technician,Techniques en ligne de transmission,,,
,,,D-55613,Electrical Engineering Technician,Techniques du génie électrique,,,
,,,D-55700,Wireless/Mobility Telecommunications Engineering Technician,Techniques du génie des télécommunications sans fil et mobiles,,,
,,,D-55803,Furniture Technician,Techniques d'ameublement,,,
,,,D-55900,Apparel Manufacturing Management,Gestion de la confection de vêtements,,,
,,,D-55901,Fashion Business Industry,Industrie de la commercialisation de la mode,,,
,,,D-56405,Motive Power Technician - 2 year,Techniques des véhicules moteurs,,,
,,,D-56500,Community Planning,Techniques d'urbanisme,,,
,,,D-56600,Aviation Technician - Aircraft Maintenance,Techniques de l'aviation - entretien des appareils,,,
,,,D-56705,Heavy Equipment Technician,Techniques de l'équipement lourd,,,
,,,D-57000,Manufacturing Engineering Technician,Techniques du génie de la fabrication,,,
,,,D-57001,Chemical Production And Power Engineering Technician,Techniques du génie électrique et de fabrication de produits chimiques,,,
,,,D-57019,Aviation Engineering Technician,Techniques du génie de l'aviation,,,
,,,D-57600,Carpentry - Renovation,Charpenterie et travail du bois à l'ancienne,,,
,,,D-57700,Masonry - Heritage And Traditional,Maçonnerie - techniques anciennes et traditionnelles,,,
,,,D-57701,Masonry Techniques - 2 year,Techniques maçonnerie,,,
,,,D-58100,Building Construction Technician,Techniques de construction de bâtiment,,,
,,,D-58101,Building Inspection Technician,Techniques d'inspection de bâtiment,,,
,,,D-58200,Construction Engineering Technician,Techniques du génie de la construction,,,
,,,D-58600,Marine Engineering Technician,Technicien de genie maritime,,,
,,,D-58900,Business - Operations,Commerce - gestion de stocks,,,
,,,D-58902,Business - Logistics,Commerce - gestion de la distribution,,,
,,,D-58905,Packaging Engineering Technician,Technicien en génie d'emballage,,,
,,,D-59005,Printing Technician,Techniques d'imprimerie,,,
,,,D-59100,Stationary Engineering - 2 year,Techniques du génie des machines fixes,,,
,,,D-59302,Telecommunications Technician,Techniques des télécommunications,,,
,,,D-59403,Media Arts,Techniques des médias,,,
,,,D-59405,Independent Illustration,Illustration indépendante,,,
,,,D-59625,College Vocational - 2 year,Cours collégial préparatoire à l'emploi - 2 ans,,,
,,,D-59806,Healthcare Environmental Services Management,Gestion des services environnementaux en matière de santé,,,
,,,G-70100,Professional Accounting Practice,Méthodes d'expertise comptable,,,
,,,G-70101,Forensic Accounting,Juricomptabilité,,,
,,,G-70102,Financial Services Compliance Administration,Administration de la conformité des services financiers,,,
,,,G-70103,Accounting And Information Technology,Comptabilité et technologie de l'information,,,
,,,G-70104,Payroll Management,Gestion de la masse salariale,,,
,,,G-70105,Accounting in Canada for Internationally Trained Accountants,Comptabilité canadienne pour les comptables formé à l'étranger,,,
,,,G-70200,Business Management - 1 year Graduate Certificate,Gestion entrepreneuriale - P.D. de 1 an,,,
,,,G-70202,International Business Management,Gestion du commerce international,,,
,,,G-70203,International Project Management,Gestion de projets internationaux,,,
,,,G-70204,Business Process Management,Gestion des processus administratifs,,,
,,,G-70207,Project Management,Gestion de projets,,,
,,,G-70208,Global Business Management - 2 year Graduate Certificate,Gestion mondiale des affaires - P.D. de 2 ans,,,
,,,G-70209,Organizational Quality Management,Gestion de la qualité de l'organisation,,,
,,,G-70211,Fundraising And Resource Development,Levée de fonds et développement des ressources,,,
,,,G-70212,Wine Business Management,Gestion d'entreprise en viniculture,,,
,,,G-70215,Research Commercialization and Innovation,Commercialisation de la recherche et innovation,,,
,,,G-70216,Green Business Management,Gestion d'entreprise verte,,,
,,,G-70223,Human Resources Management,Gestion des ressources humaines,,,
,,,G-70225,Global Business Management - 1 year Graduate Certificate,Gestion mondiale des affaires - P.D. de 1 an,,,
,,,G-70227,Public Administration,Administration publique - P.D.,,,
,,,G-70228,Performance Coaching,Entraînement de performance,,,
,,,G-70231,Small Business Administration,Administration de petites entreprises,,,
,,,G-70233,Business Management - 2 year Graduate Certificate,Gestion des affaires,,,
,,,G-70236,Fundraising And Volunteer Management,Gestion de collectes de fond et des bénévoles,,,
,,,G-70237,Nonprofit Sector Management,Gestion du secteur des organismes sans but lucratif,,,
,,,G-70243,Public Relations - Graduate Certificate,Relations publiques - P.D.,,,
,,,G-70246,Public Relations and Event Management,Relations publiques et gestion des événements,,,
,,,G-70248,Mobile and Social Media Management,Gestion des téléphones cellulaires et des médias sociaux,,,
,,,G-70260,International Support Worker,Travailleur de soutien international,,,
,,,G-70265,Recording Industry - Digital Applications,Industrie du disque - application numériques,,,
,,,G-70303,Geographic Information Systems,Systèmes d'information géographique,,,
,,,G-70305,Geographic Information Systems - Cartographic Specialist,Systèmes d'information géographiques - Spécialiste cartographique,,,
,,,G-70501,Computer Applications Development,Développement d.applications informatiques,,,
,,,G-70502,Information Systems Business Analyst,Analyste de systéme d'information d'entreprise,,,
,,,G-70505,Enterprise Database Management,Gestion de base de données en entreprise,,,
,,,G-70512,Website Management,Gestion de site Web,,,
,,,G-70513,Internet Management,Gestion Internet,,,
,,,G-70516,Web Development,Développement Web,,,
,,,G-70517,Information Technology Solutions,Solutions de technologie de l'information,,,
,,,G-70519,Business Intelligence Systems Infrastructure,Infrastructure des systèmes de veille stratégique,,,
,,,G-70705,Youth Corrections And Interventions,Services correctionnels et d'intervention à la jeunesse,,,
,,,G-70708,Mediation,Médiation,,,
,,,G-70711,Autism And Behavioural Science,Autisme et sciences du comportement,,,
,,,G-70717,Research Analyst,Recherchiste en sciences sociales appliquées,,,
,,,G-70724,Human Services Management - Graduate Certificate,Gestion de services à la personne,,,
,,,G-70732,Expressive Arts,Expression et créativité,,,
,,,G-70733,Community Mental Health - Multidiscipline,Santé mentale communautaire - multidisciplinaire,,,
,,,G-70736,Learning Disability Specialist,Spécialiste en troubles d'apprentissage,,,
,,,G-70738,Forensic Practice,Pratique légale,,,
,,,G-70739,Victimology,Victimologie,,,
,,,G-70740,Fetal Alcohol Spectrum Disorder,Trouble du spectre de l'alcoolisation fStale,,,
,,,G-70744,Accessibility Coordination,Coordination d'accessibilité,,,
,,,G-70810,Museum Management,Gestion de musée,,,
,,,G-70811,Cultural Heritage Conservation and Management,Conservation et gestion du patrimoine culturel,,,
,,,G-70901,Chemical Dependency Counselling,Alcoolisme et toxicomanie - consultation et intervention,,,
,,,G-70902,Addictions: Treatment And Prevention,Dépendance à l'alcool et aux drogues : traitement et prévention,,,
,,,G-70913,Career Development Practitioner,Orientation en matière de perfectionnement professionnel,,,
,,,G-71005,Quality Assurance - Manufacturing And Management,Contrôle de la qualité - fabrication et gestion,,,
,,,G-71007,Mechanical Technician - Numerical Control Machining,Mécanique-usinage à commande numérique,,,
,,,G-71018,Practical Elements of Mechanical Engineering,Éléments de base du génie méchanique,,,
,,,G-71019,Advanced Lasers,Lasers de niveau avancé (photonique),,,
,,,G-71021,Electro Mechanical Design,Conception de systèmes automatisés,,,
,,,G-71112,Artisanal Culinary Arts,arts culinaires artisanale,,,
,,,G-71200,Instructor For The Blind And Visually Impaired,Travail auprès des personnes aveugles ou malvoyantes,,,
,,,G-71205,Training And Adult Education,Formation et éducation des adultes,,,
,,,G-71206,Teachers Of English As A Second/foreign Language,Enseignement de l'anglais - langue seconde,,,
,,,G-71212,Early Childhood Administration,Administration des services de garde à l'enfance,,,
,,,G-71214,Early Childhood Education Resource Teacher,Éducation des petits - éducateur (trice) ressource,,,
,,,G-71225,Early Childhood Education - Special Needs,Éducation des petits - besoins particuliers,,,
,,,G-71228,Educational Assistant - Graduate Certificate,Aide en éducation - P.D.,,,
,,,G-71304,Bioinformatics,Bio-informatique,,,
,,,G-71305,Regulatory Affairs,Affaires réglementaires,,,
,,,G-71306,Clinical Research,Recherche clinique,,,
,,,G-71396,Bridge to Practical Nursing for Internationally Educated Health Professionals,Mise à niveau au infirmier et infirmière auxiliaire autorisé dans des Sciences infirmières de l'Ontario pour les professionnelles de la santé formés i,,,
,,,G-71397,Orientation To Nursing In Ontario For Nurses,Perfectionnement pour infirmier et infirmière dans le domaine des sciences infirmières de l'Ontario.,,,
,,,G-71398,Clinically Intensive Orientation To Nursing In Ontario,Perfectionnement intensif clinique dans le domaine des sciences infirmères pour l'Ontario,,,
,,,G-71400,Bridging To University Nursing,Mise à niveau des études universitaires en sciences infirmières,,,
,,,G-71410,Registered Nurse - Refresher,Infirmiers autorisés - cours de recyclage,,,
,,,G-71413,Registered Nurse - Operating Room,Perfectionnement en salle d'opération pour infirmiers autorisés,,,
,,,G-71414,Registered Nurse - Oncology Nursing,Infirmière autorisée/Infirmier autorisé - soins oncologiques,,,
,,,G-71423,Registered Nurse - Critical Care Nursing,Infirmiers autorisés - soins intensifs,,,
,,,G-71425,Registered Nurse - Emergency Nursing,Infirmiers autorisés - soins infirmiers d'urgence,,,
,,,G-71426,Registered Nurse - Medical-surgical Refresher,Infirmière autorisée/Infirmier autorisé - Recyclage en médecine et chirurgie,,,
,,,G-71433,Registered Nurse - Perinatal Nursing,Infirmiers autorisés - soins périnataux,,,
,,,G-71439,Registered Nurse - Occupational Health Nursing,Infirmière autorisée/Infirmier autorisé - soins infirmiers en santé au travail,,,
,,,G-71459,Registered Practical Nurse - Psychiatric Nursing,Auxiliaire en soins infirmiers - soins infirmiers psychiatriques,,,
,,,G-71461,Registered Practical Nurse - Operating Room,Soins infirmiers auxiliaires - salle d'opération,,,
,,,G-71470,Gerontology - Multidiscipline,Gérontologie - multidisciplinaire,,,
,,,G-71471,Palliative Care - Multidiscipline,Soins palliatifs - multidisciplinaire,,,
,,,G-71476,Family Practice Nursing,Pratique de soins infirmier de la famille,,,
,,,G-71477,Interprofessional Acute Care Paediatric Cardiology,Cardiologie pédiatrique interprofessionelle,,,
,,,G-71490,Activation Techniques In Gerontology,Animation en gérontologie,,,
,,,G-71493,Working With Dementia Clients - Multidiscipline,Soins multidisciplinaires pour les patients souffrant de démence,,,
,,,G-71506,Communicative Disorders Assistant,Aide auprès des personnes atteintes de troubles de communication,,,
,,,G-71603,Companion Animal Physical Rehabilitation,Réadaptation physique des animaux de compagnie,,,
,,,G-71604,Magnetic Resonance Imaging,Imagerie par résonance magnétique,,,
,,,G-71609,Medical Diagnostic - Ultrasonography,Diagnostic médical - ultrasonographie,,,
,,,G-71610,Diagnostic Cardiac Sonography,Échographie cardiaque diagnostique,,,
,,,G-71617,Diabetes Education,Education au diabète,,,
,,,G-71619,Anaesthesia Assistant,Assistant en anesthésie-réanimation,,,
,,,G-71620,Complementary Care,Soins complémentaires,,,
,,,G-71621,Indigenous Community Health Approaches (enionkwatakariteke),Approches en santé communautaire pour les peuples autochtones,,,
,,,G-71625,Clinical Methods In Orthotics/prosthetics,Méthodes cliniques en orthétique et prothétique,,,
,,,G-71627,Dental Hygiene - Expanded Duties,Hygiène dentaire - spécialisation,,,
,,,G-71637,Advanced Care Paramedic,Interventions médicales d'urgence avancées,,,
,,,G-71643,Health Records Technician - Advanced,Classement de dossiers médicaux-avancé,,,
,,,G-71644,Health Care Administration - Graduate Certificate,Administration des soins de santé - P.D.,,,
,,,G-71651,Health Informatics,Santé et informatique,,,
,,,G-71807,Goldsmithing And Silversmithing,Orfèvrerie,,,
,,,G-71809,Studio Process Advancement,Avancement du processus en studio,,,
,,,G-71820,Graphic Design And Illustration,Conception graphique et illustration,,,
,,,G-71821,Design Management,Principes de gestion en design,,,
,,,G-71829,Independent Documentary Production,Production indépendante de documentaires,,,
,,,G-71833,Kitchen and Bath Design,La conception de la cuisine et la salle de bain,,,
,,,G-71836,Interior Design Degree Bridge,Diplôme de transition en décoration intérieure,,,
,,,G-71900,Game Design And Development - Graduate Certificate,Conception et production de jeux électroniques - P.D.,,,
,,,G-71901,Computer Animation,Animatique,,,
,,,G-71902,Computer Graphics,Infographie,,,
,,,G-71903,Broadcasting - Radio And Television - Graduate Certificate,Radiotélédiffusion - P.D.,,,
,,,G-71905,Broadcast - New Media,Diffusion générale-nouveaux médias,,,
,,,G-71912,"Advanced Special Effects Makeup, Prosthetics and Props","Création de maquillages, de prothèses et d'accessoires de trucage évolués",,,
,,,G-71913,Costume Studies,Études dans la création de costumes,,,
,,,G-71921,Arts Administration - Graduate Certificate,Administration des arts - P.D.,,,
,,,G-71996,Sports Journalism,Journalisme sportif,,,
,,,G-72000,"Children's Entertainment: Writing, Production and Management","Divertissement pour enfants: écriture, production et gestion",,,
,,,G-72001,Dramatic Scriptwriting,Rédaction de scénarios,,,
,,,G-72003,Creative Writing,Création littéraire,,,
,,,G-72004,Video Journalism And Documentary Production,Journalisme vidéo et production de documentaires,,,
,,,G-72005,Journalism - New Media,Journalisme - nouveaux médias,,,
,,,G-72006,Canadian Journalism For Internationally Trained Writers,Journalisme canadien et rédaction au niveau international,,,
,,,G-72007,Technical Writer - Graduate Certificate,Rédaction technique - P.D.,,,
,,,G-72010,3D Video Production,Production de vidéos - tridimensionelle,,,
,,,G-72011,Environmental Visual Communication,Communication visuelle de l'environnement,,,
,,,G-72012,Communications - Professional Writing,Communications - Professional Writing,,,
,,,G-72100,Advertising - Media Marketing And Sales,Publicité-ventes et marketing médias,,,
,,,G-72104,Advertising - Account Management,Publicité-gestion des comptes,,,
,,,G-72105,Advertising - Media Copywriting,Rédaction publicitaire,,,
,,,G-72106,Interactive Marketing Communications,Communications interactives en marketing,,,
,,,G-72204,Sports Marketing,Marchandisage des sports,,,
,,,G-72205,Event Management,Gestion de festivals et d'événements communautaires,,,
,,,G-72206,Recreation For Special Populations,Loisirs - concentration troisième âge,,,
,,,G-72208,Wellness And Lifestyle Management,Bien-être et style de vie,,,
,,,G-72209,Exercise Science And Lifestyle Management,Science des exercices et gestion du style de vie,,,
,,,G-72211,Sports Management,Gestion des activités sportives - P.D.,,,
,,,G-72231,Sport Business Management,Gestion d'entreprises sportives,,,
,,,G-72614,Court And Administrative Tribunal Agent,Agent de cour et de tribunal administratif,,,
,,,G-72616,Legal Research and Information Management,Recherche juridique et gestion de l'information,,,
,,,G-72700,Environmental Control,Contrôle environnemental,,,
,,,G-72703,Environmental Studies,Études environnementales,,,
,,,G-72705,Advanced Water and Wastewater Treatment,Traitement des eaux et des eaux usées avancé,,,
,,,G-72706,Environmental Management,Gestion de l'environnement,,,
,,,G-72708,Aquaculture,Aquaculture,,,
,,,G-72709,Wildlife Management,Aménagement de la faune,,,
,,,G-72711,Sustainable Agriculture,Agriculture durable,,,
,,,G-72801,Personal Financial Services,Services de finances personnelles,,,
,,,G-72811,Risk Management,Gestion des risques,,,
,,,G-72890,Brand Management,Gestion de marque,,,
,,,G-72900,Marketing Management,Gestion du marketing,,,
,,,G-72901,Strategic Relationship Marketing,Relations stratégiques en marketing,,,
,,,G-72909,International Fashion Development And Management,Gestion de la production de vêtement au niveau international,,,
,,,G-72939,Technical Sales Specialist,Technico-commercial,,,
,,,G-73002,Information Systems Security,Sécurité des systèmes informatiques,,,
,,,G-73009,Emergency Management,Gestion des situations d'urgence,,,
,,,G-73016,Advanced Security Management,Gestion avancée en sécurité,,,
,,,G-73106,Advanced Baking And Pastry Arts,Arts de la cuisson des aliments et des pâtisseries-niveau avancé,,,
,,,G-73107,Culinary Arts - Italian,Arts culinaires - cuisine italienne,,,
,,,G-73109,Culinary Arts - French,Cuisine française d'établissement,,,
,,,G-73114,Advanced French Patisserie,Pâtisserie française (avancée),,,
,,,G-73200,Resort And Restaurant Management,Gestion de villégiatures et de restaurants,,,
,,,G-73201,Hospitality Management - Graduate Certificate,Gestion de l'industrie hôtelière - P.D.,,,
,,,G-73203,Concierge Services - Guest Relations Specialist,Services de conciergerie-relations avec la clientèle,,,
,,,G-73204,Food Service Supervisor,Supervision des services alimentaires - P.D.,,,
,,,G-73212,Culture and Heritage Site Management,Gestion des sites culturelle et historique,,,
,,,G-73402,Spa Management,Gestion de station santé,,,
,,,G-73403,Medical Skin Care Therapies,Thérapies de soins de la peau médical,,,
,,,G-73702,Food Safety and Quality Assurance - Food processing,Salubrité des aliments et l.assurance de la qualité- Transformation des aliments,,,
,,,G-74200,Natural Resources - Law Enforcement,Richesses naturelle-application de la loi,,,
,,,G-74300,Woodworking Manufacturing Management,Gestion de la fabrication des produits du bois,,,
,,,G-74901,Pressure Systems Welding,Soudage de la pression des systèmes,,,
,,,G-75206,Embedded Systems Development,Développement des systèmes embarqués,,,
,,,G-75503,Sustainable Systems,Systèmes durables,,,
,,,G-75700,Wireless Telecommunications,Télécommunications sans fil,,,
,,,G-75702,Wireless Information Networking,Réseautage informatique sans fil,,,
,,,G-76500,Interdisciplinary Design Strategy,Stratégie de conception interdisciplinaire,,,
,,,G-77002,Manufacturing Management,Gestion de la fabrication,,,
,,,G-78200,Residential Construction Management,Gestion de la construction résidentielle,,,
,,,G-78205,Green Architecture,Architecture écologique,,,
,,,G-78222,Construction Management,Gestion de la construction,,,
,,,G-78223,Construction Project Management,Gestion de projets de construction,,,
,,,G-78401,Airline Pilot Flight Operations,Opérations aériennes de pilote de ligne aérienne,,,
,,,G-78902,Logistics And Supply Chain Management,Logistique,,,
,,,G-79000,Book And Magazine Publishing - Graduate Certificate,Édition de livres et de magazines - P.D.
,,,G-79001,Creative Book Publishing,Innovation dans les domaines de la publication et de l'édition
,,,G-79401,Post-production,Postproduction audiovisuelle
,,,G-79402,Advanced Television And Film,Production télévisuelle et cinématographique avancée
,,,G-79403,Media Arts - Interactive Multimedia,Arts des médias - multimédia interactif
,,,G-79405,Digital Design - Game Design,Conception numérique-création de jeux électroniques
,,,G-79406,VFX and Digital Cinema,VFX et le cinéma numérique
,,,G-79410,Interactive Digital Media,Média numériques interactifs
,,,G-79804,Occupational Health and Safety Management,Gestion de la santé et sécurité au travail
,,,Stud_Sat_Suppressed,Student Satisfaction data uncategorized at the occupational division level due to suppression rules ,
,,,-1,Data not available,
,,,,,
OCCPTN_GRP_CD,Occupational division code,Code de domaine d'études,A,Applied Arts,Arts Appliqués
,,,B,Business,Commerce
,,,H,Health,Santé
,,,T,Tecnology,Technologie
,,,Stud_Sat_Suppressed,Student Satisfaction data uncategorized at the occupational division level due to suppression rules ,
,,,-1,Data not available,Données non disponibles
,,,,,
OCCPTN_SGRP_CD,Occupational cluster code,Code de groupes de programmes,,,
,,,A01,Media,Médias
,,,A02,Performing Arts,Arts dramatiques
,,,A03,Fashion,Techniques et création de mode
,,,A04,Advertising and Design,Publicité et design
,,,A05,Art,Beaux-arts
,,,A06,Crafts,Artisanat
,,,A07,Graphic Arts Printing,Création et production graphique
,,,A08,Horticulture,Horticulture
,,,A09,Preparatory Upgrading,Recyclage et cours préparatoires
,,,A10,Law and Security,Loi et sécurité
,,,A11,Library,Bibliothéconomie
,,,A12,Education,Enseignement
,,,A13,Child/Youth Worker,Travail auprès des enfants et des jeunes,,,
,,,A14,Developmental Services Worker,Réadaptation,,,
,,,A15,Recreation Fitness,Conditionnement physique et loisirs,,,
,,,A16,Public Relations,Relation publiques,,,
,,,A17,Social Services,Services sociaux,,,
,,,A18,Community Planning,Techniques d'urbanisme,,,
,,,A19,Native Community Worker,Travail communautaire auprès des autochtones,,,
,,,B01,Business Computer,Informatique de gestion,,,
,,,B02,Office Administration - Health,Administration de bureau - médical,,,
,,,B03,Office Administration - Legal,Administration de bureau - juridique,,,
,,,B04,Office Administration,Administration de bureau,,,
,,,B05,Culinary Arts,Arts culinaires,,,
,,,B06,Business Management,Commerce - gestion,,,
,,,B07,Accounting/Finance,Comptabilité financière,,,
,,,B10,Government Real Estate,Immobilier,,,
,,,B11,Human Resources Industrial Relations,Ressources humaines/relations industrielles,,,
,,,B12,Marketing Retail Sales,Marketing et commerce de détail,,,
,,,B13,Materials Management,Gestion de stocks,,,
,,,B14,Small Business,Petites entreprises,,,
,,,B15,Business Legal,Droit commercial,,,
,,,B16,Travel/Tourism,Voyage/tourisme,,,
,,,B17,Hospitality Management,Industrie de l'accueil - gestion,,,
,,,B18,Aviation Management,Aviation - gestion,,,
,,,H01,Health - Miscellaneous,Santé/divers,,,
,,,H02,Animal Care,Soins des animaux,,,
,,,H03,Health Technology,Technologie de la santé,,,
,,,H04,Nursing Related,Soins infirmiers et programmes connexes,,,
,,,T01,Architectural,Architecture,,,
,,,T02,Automotive,Véhicules moteurs,,,
,,,T03,Chemical/Biological,Chimie et biologie,,,
,,,T04,Civil,Génie civil,,,
,,,T05,Drafting,Dessin industriel,,,
,,,T06,Electronics,Électronique,,,
,,,T07,Industrial,Génie industriel,,,
,,,T08,Instrumentation,Instruments de précision,,,
,,,T09,Mechanical,Mécanique,,,
,,,T10,Power,Production d'énergie,,,
,,,T11,Resources,Richesses naturelles,,,
,,,T12,Furniture Wood Products,Ameublement et produits du bois,,,
,,,T13,Welding,Soudage,,,
,,,T14,Aviation (Maintenance),Aviation (entretien des appareils),,,
,,,T15,Aviation (Flight),Aviation (vols),,,
,,,T16,Machining,Usinage,,,
,,,T17,Marine,Technologie maritime,,,
,,,T18,Geology/Mining,Géologie et mines,,,
,,,T19,Technology Micellaneous,Technologie - divers,,,
,,,Stud_Sat_Suppressed,Student Satisfaction data uncategorized at the occupational cluster level due to suppression rules,,,,
,,,-1,Data not available,Données non disponibles,,,
,,,,,
COLL_CD,College Code,Code de collège,ALGO,Algonquin College of Applied Arts and Technology,Algonquin College of Applied Arts and Technology
,,,BORE,Collège Boréal,Collège Boréal
,,,CAMB,Cambrian College of Applied Arts and Technology,Cambrian College of Applied Arts and Technology
,,,CANA,Canadore College of Applied Arts and Technology,Canadore College of Applied Arts and Technology
,,,CENT,Centennial College,Centennial College
,,,CONF,Confederation College of Applied Arts and Technology,Confederation College of Applied Arts and Technology
,,,CONS,Conestoga College Institute of Technology and Advaned Learning,Conestoga College Institute of Technology and Advaned Learning
,,,DURH,Durham College of Applied Arts and Technology,Durham College of Applied Arts and Technology
,,,FANS,Fanshawe College of Applied Arts and Technology,Fanshawe College of Applied Arts and Technology
,,,GEOR,Georgian College of Applied Arts and Technology,Georgian College of Applied Arts and Technology
,,,GRBR,George Brown College of Applied Arts and Technology,George Brown College of Applied Arts and Technology
,,,HUMB,Humber College Institute of Technology and Advanced Learning,Humber College Institute of Technology and Advanced Learning
,,,LACI,La Cité collégiale,La Cité collégiale
,,,LAMB,Lambton College of Applied Arts and Technology,Lambton College of Applied Arts and Technology
,,,LOYT,Loyalist College of Applied Arts and Technology,Loyalist College of Applied Arts and Technology
,,,MOHA,Mohawk College of Applied Arts and Technology,Mohawk College of Applied Arts and Technology
,,,NIAG,Niagara College of Applied Arts and Technology,Niagara College of Applied Arts and Technology
,,,NORT,Northern College of Applied Arts and Technology,Northern College of Applied Arts and Technology
,,,SAUL,Sault College of Applied Arts and Technology,Sault College of Applied Arts and Technology
,,,SENE,Seneca College of Applied Arts and Technology,Seneca College of Applied Arts and Technology
,,,SHER,Sheridan College Institute of Technology and Advanced Learning,Sheridan College Institute of Technology and Advanced Learning
,,,SLAW,St. Lawrence College of Applied Arts and Technology,St. Lawrence College of Applied Arts and Technology
,,,SSFL,Fleming College of Applied Arts and Technology,Fleming College of Applied Arts and Technology
,,,STCL,St. Clair College of Applied Arts and Technology,St. Clair College of Applied Arts and Technology
,,,NA,Data not available,Données non disponibles
,,,,,
COLL_RGN_CD,Region Code,Code de la région,N,North,Nord
,,,SW,South West,Sud-Ouest
,,,SE,South East,Sud-Est
,,,GTA,Central - GTA,Centre - RGT
,,,CE,Central - non-GTA,Centre - autre que RGT
,,,NA,Data not available,
,,,,,
ACAD_GRAD_YEAR,Academic Year of Graduation (see FAQs: 'How do the survey dates align?'),Année scolaire ( Consultez aussi FAQs: 'À quelles dates correspondent les périodes de référence?),YYYY-YYYY,,
REPORTING_ACAD_YR,Reporting Year  (see FAQs: 'How do the survey dates align?'),Année de déclaration ( Consultez aussi FAQs: 'À quelles dates correspondent les périodes de référence?),YYYY-YYYY,,

GENDER,Gender ,Sexe,M,Male,Personnes de sexe masculin
,,,F,Female,Personnes de sexe féminin
,,,U ,Unknown,Personnes de sexe inconnue
,,,T,Total,Au total
